sourceCommit,sourcePath,changeType,globalPath,existsInGlobal,alreadyEquivalent,subject,containsHebrew,containsIsraelSpecificLogic,localeSensitive,dependencyStatus,classification,exactReason,proposedAction,requiredTests
30ebd6ebe5dd03ce45824a858743164a525f0467,components/learning/StudentQuestionDisplay.jsx,M,components/learning/StudentQuestionDisplay.jsx,true,false,cross-subject,false,false,false,ok,B_universal_direct,Default: treat as engine/report infrastructure after filters,review_diff_then_port,smoke_lpd_edc
30ebd6ebe5dd03ce45824a858743164a525f0467,data/english-questions/sentence-pools.js,M,data/english-questions/sentence-pools.js,true,false,english,false,false,false,ok,D_subject_filtered,Touches english engine/taxonomy/classifier; global has subject active,port_filtered_diff_for_subject,smoke_lpd_edc
30ebd6ebe5dd03ce45824a858743164a525f0467,data/history-questions/g6-generated.js,M,data/history-questions/g6-generated.js,false,false,history,false,false,false,ok,F_israeli_only_skip,Subject history is absent from global learning product,skip,none
30ebd6ebe5dd03ce45824a858743164a525f0467,data/science-questions.js,M,data/science-questions.js,true,false,science,false,false,false,ok,D_subject_filtered,Touches science engine/taxonomy/classifier; global has subject active,port_filtered_diff_for_subject,smoke_lpd_edc
30ebd6ebe5dd03ce45824a858743164a525f0467,docs/audits/DECISION-ENGINE-33-TOPIC-COVERAGE-CLOSURE-2026-07-24.md,A,docs/audits/DECISION-ENGINE-33-TOPIC-COVERAGE-CLOSURE-2026-07-24.md,false,false,cross-subject,false,false,false,ok,F_israeli_only_skip,Israeli audit artifacts reflecting IL dossiers/labels; regenerate global audits after port,skip_regenerate_global_audits_later,none
30ebd6ebe5dd03ce45824a858743164a525f0467,docs/audits/DECISION-ENGINE-DEEP-AUDIT-2026-07-23.md,A,docs/audits/DECISION-ENGINE-DEEP-AUDIT-2026-07-23.md,false,false,cross-subject,false,false,false,ok,F_israeli_only_skip,Israeli audit artifacts reflecting IL dossiers/labels; regenerate global audits after port,skip_regenerate_global_audits_later,none
30ebd6ebe5dd03ce45824a858743164a525f0467,docs/audits/DECISION-ENGINE-P0-IMPLEMENTATION-2026-07-23.md,A,docs/audits/DECISION-ENGINE-P0-IMPLEMENTATION-2026-07-23.md,false,false,cross-subject,false,false,false,ok,F_israeli_only_skip,Israeli audit artifacts reflecting IL dossiers/labels; regenerate global audits after port,skip_regenerate_global_audits_later,none
30ebd6ebe5dd03ce45824a858743164a525f0467,docs/audits/DECISION-ENGINE-P1-IMPLEMENTATION-2026-07-23.md,A,docs/audits/DECISION-ENGINE-P1-IMPLEMENTATION-2026-07-23.md,false,false,cross-subject,false,false,false,ok,F_israeli_only_skip,Israeli audit artifacts reflecting IL dossiers/labels; regenerate global audits after port,skip_regenerate_global_audits_later,none
30ebd6ebe5dd03ce45824a858743164a525f0467,docs/audits/DECISION-ENGINE-P2-IMPLEMENTATION-2026-07-23.md,A,docs/audits/DECISION-ENGINE-P2-IMPLEMENTATION-2026-07-23.md,false,false,cross-subject,false,false,false,ok,F_israeli_only_skip,Israeli audit artifacts reflecting IL dossiers/labels; regenerate global audits after port,skip_regenerate_global_audits_later,none
30ebd6ebe5dd03ce45824a858743164a525f0467,docs/audits/DECISION-ENGINE-P3-IMPLEMENTATION-2026-07-23.md,A,docs/audits/DECISION-ENGINE-P3-IMPLEMENTATION-2026-07-23.md,false,false,cross-subject,false,false,false,ok,F_israeli_only_skip,Israeli audit artifacts reflecting IL dossiers/labels; regenerate global audits after port,skip_regenerate_global_audits_later,none
30ebd6ebe5dd03ce45824a858743164a525f0467,docs/audits/DECISION-ENGINE-P3B-COVERAGE-CLOSURE-2026-07-23.md,A,docs/audits/DECISION-ENGINE-P3B-COVERAGE-CLOSURE-2026-07-23.md,false,false,cross-subject,false,false,false,ok,F_israeli_only_skip,Israeli audit artifacts reflecting IL dossiers/labels; regenerate global audits after port,skip_regenerate_global_audits_later,none
30ebd6ebe5dd03ce45824a858743164a525f0467,docs/audits/DECISION-ENGINE-P4-PROFESSIONAL-CALIBRATION-2026-07-24.md,A,docs/audits/DECISION-ENGINE-P4-PROFESSIONAL-CALIBRATION-2026-07-24.md,false,false,cross-subject,false,false,false,ok,F_israeli_only_skip,Israeli audit artifacts reflecting IL dossiers/labels; regenerate global audits after port,skip_regenerate_global_audits_later,none
30ebd6ebe5dd03ce45824a858743164a525f0467,docs/audits/DECISION-ENGINE-PRODUCTION-INTEGRATION-2026-07-24.md,A,docs/audits/DECISION-ENGINE-PRODUCTION-INTEGRATION-2026-07-24.md,false,false,cross-subject,false,false,false,ok,F_israeli_only_skip,Israeli audit artifacts reflecting IL dossiers/labels; regenerate global audits after port,skip_regenerate_global_audits_later,none
30ebd6ebe5dd03ce45824a858743164a525f0467,hooks/useStudentActionDecision.js,A,hooks/useStudentActionDecision.js,false,false,cross-subject,false,false,false,missing_on_global,B_universal_direct,Missing on global HEAD; required for ADC/LPD/factualObservations/evidence closure after 60a0eadd,direct_port_then_wire_global_subjects_only,smoke_lpd_edc
30ebd6ebe5dd03ce45824a858743164a525f0467,lib/learning-client/scheduleAdaptivePlannerRecommendation.js,M,lib/learning-client/scheduleAdaptivePlannerRecommendation.js,true,false,cross-subject,false,false,false,ok,B_universal_direct,Default: treat as engine/report infrastructure after filters,review_diff_then_port,smoke_lpd_edc
30ebd6ebe5dd03ce45824a858743164a525f0467,lib/learning-client/studentLearningProfileClient.js,M,lib/learning-client/studentLearningProfileClient.js,true,false,cross-subject,false,false,false,ok,B_universal_direct,Default: treat as engine/report infrastructure after filters,review_diff_then_port,smoke_lpd_edc
30ebd6ebe5dd03ce45824a858743164a525f0467,lib/learning/action-decision-executor.js,A,lib/learning/action-decision-executor.js,false,false,cross-subject,false,false,false,missing_on_global,B_universal_direct,Missing on global HEAD; required for ADC/LPD/factualObservations/evidence closure after 60a0eadd,direct_port_then_wire_global_subjects_only,ADC_unit|ADC_p2|runtime_consumption
30ebd6ebe5dd03ce45824a858743164a525f0467,lib/learning/diagnostic-state-master-helper.js,M,lib/learning/diagnostic-state-master-helper.js,true,false,cross-subject,false,false,false,ok,B_universal_direct,Default: treat as engine/report infrastructure after filters,review_diff_then_port,smoke_lpd_edc
30ebd6ebe5dd03ce45824a858743164a525f0467,lib/learning/diagnostic-state-persistence.js,M,lib/learning/diagnostic-state-persistence.js,true,false,cross-subject,false,false,false,ok,B_universal_direct,Default: treat as engine/report infrastructure after filters,review_diff_then_port,smoke_lpd_edc
30ebd6ebe5dd03ce45824a858743164a525f0467,lib/learning/fixtures/taxonomy-real-runtime-fixtures.js,M,lib/learning/fixtures/taxonomy-real-runtime-fixtures.js,true,false,cross-subject,false,false,false,ok,B_universal_direct,Default: treat as engine/report infrastructure after filters,review_diff_then_port,subject_classifier|taxonomy_e2e
30ebd6ebe5dd03ce45824a858743164a525f0467,lib/learning/misconception-adaptive-routing.js,M,lib/learning/misconception-adaptive-routing.js,true,false,cross-subject,false,false,false,ok,B_universal_direct,Default: treat as engine/report infrastructure after filters,review_diff_then_port,smoke_lpd_edc
30ebd6ebe5dd03ce45824a858743164a525f0467,lib/learning/p3b-real-topic-proof-registry.js,A,lib/learning/p3b-real-topic-proof-registry.js,false,false,cross-subject,false,false,false,missing_on_global,G_dependency_or_risk,Path missing on global; may require supporting modules or be Israeli residue,inspect_before_port,smoke_lpd_edc
30ebd6ebe5dd03ce45824a858743164a525f0467,lib/learning/p3b-topic-closure-producers.js,A,lib/learning/p3b-topic-closure-producers.js,false,false,cross-subject,false,false,false,missing_on_global,G_dependency_or_risk,Path missing on global; may require supporting modules or be Israeli residue,inspect_before_port,smoke_lpd_edc
30ebd6ebe5dd03ce45824a858743164a525f0467,lib/learning/question-metadata-completeness.js,A,lib/learning/question-metadata-completeness.js,false,false,cross-subject,false,false,false,missing_on_global,G_dependency_or_risk,Path missing on global; may require supporting modules or be Israeli residue,inspect_before_port,smoke_lpd_edc
30ebd6ebe5dd03ce45824a858743164a525f0467,lib/learning/taxonomy-coverage-matrix.js,A,lib/learning/taxonomy-coverage-matrix.js,false,false,cross-subject,false,false,false,missing_on_global,G_dependency_or_risk,Path missing on global; may require supporting modules or be Israeli residue,inspect_before_port,subject_classifier|taxonomy_e2e
30ebd6ebe5dd03ce45824a858743164a525f0467,lib/learning/taxonomy-rule-primary-producers.js,M,lib/learning/taxonomy-rule-primary-producers.js,true,false,cross-subject,false,false,false,ok,B_universal_direct,Default: treat as engine/report infrastructure after filters,review_diff_then_port,subject_classifier|taxonomy_e2e
30ebd6ebe5dd03ce45824a858743164a525f0467,lib/learning/taxonomy-tag-producer-registry.js,M,lib/learning/taxonomy-tag-producer-registry.js,true,false,cross-subject,false,false,false,ok,B_universal_direct,Core decision/evidence engine logic independent of locale/subject content,port_diff_carefully,subject_classifier|taxonomy_e2e
30ebd6ebe5dd03ce45824a858743164a525f0467,pages/api/learning/planner-recommendation.js,M,pages/api/learning/planner-recommendation.js,true,false,cross-subject,false,false,false,ok,B_universal_direct,Default: treat as engine/report infrastructure after filters,review_diff_then_port,smoke_lpd_edc
30ebd6ebe5dd03ce45824a858743164a525f0467,pages/api/student/action-decisions.js,A,pages/api/student/action-decisions.js,false,false,cross-subject,false,false,false,missing_on_global,B_universal_direct,Core decision/evidence engine logic independent of locale/subject content,add_module_from_source,ADC_unit|ADC_p2|runtime_consumption
30ebd6ebe5dd03ce45824a858743164a525f0467,pages/learning/english-master.js,M,pages/learning/english-master.js,true,false,english,false,false,false,ok,D_subject_filtered,Touches english engine/taxonomy/classifier; global has subject active,port_filtered_diff_for_subject,smoke_lpd_edc
30ebd6ebe5dd03ce45824a858743164a525f0467,pages/learning/geometry-master.js,M,pages/learning/geometry-master.js,true,false,geometry,false,false,false,ok,D_subject_filtered,Touches geometry engine/taxonomy/classifier; global has subject active,port_filtered_diff_for_subject,smoke_lpd_edc
30ebd6ebe5dd03ce45824a858743164a525f0467,pages/learning/hebrew-master.js,M,pages/learning/hebrew-master.js,false,false,hebrew,true,false,false,israeli_master_absent,F_israeli_only_skip,Subject hebrew is absent from global learning product,skip,none
30ebd6ebe5dd03ce45824a858743164a525f0467,pages/learning/history-master.js,M,pages/learning/history-master.js,false,false,history,false,false,false,israeli_master_absent,F_israeli_only_skip,Subject history is absent from global learning product,skip,none
30ebd6ebe5dd03ce45824a858743164a525f0467,pages/learning/math-master.js,M,pages/learning/math-master.js,true,false,math,false,false,false,ok,D_subject_filtered,Touches math engine/taxonomy/classifier; global has subject active,port_filtered_diff_for_subject,smoke_lpd_edc
30ebd6ebe5dd03ce45824a858743164a525f0467,pages/learning/moledet-geography-master.js,M,pages/learning/moledet-geography-master.js,false,false,moledet-geography,false,true,false,israeli_master_absent,F_israeli_only_skip,Subject moledet-geography is absent from global learning product,skip,none
30ebd6ebe5dd03ce45824a858743164a525f0467,pages/learning/parent-report-detailed.js,M,pages/learning/parent-report-detailed.js,true,false,cross-subject,false,false,false,ok,C_universal_with_locale_adaptation,Report/Demo/LPD surface logic is universal but copy/chrome must be English/LTR via global i18n,port_structure_map_copy_to_en_packs,smoke_lpd_edc
30ebd6ebe5dd03ce45824a858743164a525f0467,pages/learning/parent-report-detailed.renderable.jsx,M,pages/learning/parent-report-detailed.renderable.jsx,true,false,cross-subject,false,false,false,ok,C_universal_with_locale_adaptation,Report/Demo/LPD surface logic is universal but copy/chrome must be English/LTR via global i18n,port_structure_map_copy_to_en_packs,smoke_lpd_edc
30ebd6ebe5dd03ce45824a858743164a525f0467,pages/learning/parent-report.js,M,pages/learning/parent-report.js,true,false,cross-subject,false,false,false,ok,C_universal_with_locale_adaptation,Report/Demo/LPD surface logic is universal but copy/chrome must be English/LTR via global i18n,port_structure_map_copy_to_en_packs,smoke_lpd_edc
30ebd6ebe5dd03ce45824a858743164a525f0467,pages/learning/science-master.js,M,pages/learning/science-master.js,true,false,science,false,false,false,ok,D_subject_filtered,Touches science engine/taxonomy/classifier; global has subject active,port_filtered_diff_for_subject,smoke_lpd_edc
30ebd6ebe5dd03ce45824a858743164a525f0467,scripts/decision-engine-33-topic-coverage-closure.mjs,A,scripts/decision-engine-33-topic-coverage-closure.mjs,false,false,cross-subject,false,false,false,missing_on_global,G_dependency_or_risk,Path missing on global; may require supporting modules or be Israeli residue,inspect_before_port,smoke_lpd_edc
30ebd6ebe5dd03ce45824a858743164a525f0467,scripts/decision-engine-p3-coverage-audit.mjs,A,scripts/decision-engine-p3-coverage-audit.mjs,false,false,cross-subject,false,false,false,missing_on_global,G_dependency_or_risk,Path missing on global; may require supporting modules or be Israeli residue,inspect_before_port,smoke_lpd_edc
30ebd6ebe5dd03ce45824a858743164a525f0467,scripts/decision-engine-p3b-coverage-audit.mjs,A,scripts/decision-engine-p3b-coverage-audit.mjs,false,false,cross-subject,false,false,false,missing_on_global,G_dependency_or_risk,Path missing on global; may require supporting modules or be Israeli residue,inspect_before_port,smoke_lpd_edc
30ebd6ebe5dd03ce45824a858743164a525f0467,tests/engine-decision-audit/full-engine-audit.mjs,A,tests/engine-decision-audit/full-engine-audit.mjs,false,false,cross-subject,false,false,false,missing_on_global,B_universal_direct,Core decision/evidence engine logic independent of locale/subject content,add_module_from_source,smoke_lpd_edc
30ebd6ebe5dd03ce45824a858743164a525f0467,tests/engine-decision-audit/p3-raw-evidence-harness.mjs,A,tests/engine-decision-audit/p3-raw-evidence-harness.mjs,false,false,cross-subject,false,false,false,missing_on_global,B_universal_direct,Core decision/evidence engine logic independent of locale/subject content,add_module_from_source,subject_classifier|taxonomy_e2e
30ebd6ebe5dd03ce45824a858743164a525f0467,tests/engine-decision-audit/p3b-coverage-audit.mjs,A,tests/engine-decision-audit/p3b-coverage-audit.mjs,false,false,cross-subject,false,false,false,missing_on_global,B_universal_direct,Core decision/evidence engine logic independent of locale/subject content,add_module_from_source,smoke_lpd_edc
30ebd6ebe5dd03ce45824a858743164a525f0467,tests/learning/action-decision-consumer-migration-p4.test.mjs,A,tests/learning/action-decision-consumer-migration-p4.test.mjs,false,false,cross-subject,false,false,false,missing_on_global,B_universal_direct,Missing on global HEAD; required for ADC/LPD/factualObservations/evidence closure after 60a0eadd,direct_port_then_wire_global_subjects_only,ADC_unit|ADC_p2|runtime_consumption
30ebd6ebe5dd03ce45824a858743164a525f0467,tests/learning/action-decision-contract-p2.test.mjs,A,tests/learning/action-decision-contract-p2.test.mjs,false,false,cross-subject,false,false,false,missing_on_global,B_universal_direct,Missing on global HEAD; required for ADC/LPD/factualObservations/evidence closure after 60a0eadd,direct_port_then_wire_global_subjects_only,ADC_unit|ADC_p2|runtime_consumption
30ebd6ebe5dd03ce45824a858743164a525f0467,tests/learning/action-decision-executors-p4.test.mjs,A,tests/learning/action-decision-executors-p4.test.mjs,false,false,cross-subject,false,false,false,missing_on_global,B_universal_direct,Missing on global HEAD; required for ADC/LPD/factualObservations/evidence closure after 60a0eadd,direct_port_then_wire_global_subjects_only,ADC_unit|ADC_p2|runtime_consumption
30ebd6ebe5dd03ce45824a858743164a525f0467,tests/learning/action-decision-subject-e2e-p4.test.mjs,A,tests/learning/action-decision-subject-e2e-p4.test.mjs,false,false,cross-subject,false,false,false,missing_on_global,B_universal_direct,Core decision/evidence engine logic independent of locale/subject content,add_module_from_source,ADC_unit|ADC_p2|runtime_consumption
30ebd6ebe5dd03ce45824a858743164a525f0467,tests/learning/coverage-artifact-p3b.test.mjs,A,tests/learning/coverage-artifact-p3b.test.mjs,false,false,cross-subject,false,false,false,missing_on_global,B_universal_direct,Regression coverage for engine/report/demo; adapt imports/subjects if needed,port_tests_filter_subjects,smoke_lpd_edc
30ebd6ebe5dd03ce45824a858743164a525f0467,tests/learning/decision-calibration-benchmark-p4.test.mjs,A,tests/learning/decision-calibration-benchmark-p4.test.mjs,false,false,cross-subject,false,false,false,missing_on_global,B_universal_direct,Missing on global HEAD; required for ADC/LPD/factualObservations/evidence closure after 60a0eadd,direct_port_then_wire_global_subjects_only,smoke_lpd_edc
30ebd6ebe5dd03ce45824a858743164a525f0467,tests/learning/english-phonics-integration.test.mjs,M,tests/learning/english-phonics-integration.test.mjs,true,false,english,false,false,false,ok,D_subject_filtered,Touches english engine/taxonomy/classifier; global has subject active,port_filtered_diff_for_subject,smoke_lpd_edc
30ebd6ebe5dd03ce45824a858743164a525f0467,tests/learning/english-phonics-pool-coverage.test.mjs,M,tests/learning/english-phonics-pool-coverage.test.mjs,true,false,english,false,false,false,ok,D_subject_filtered,Touches english engine/taxonomy/classifier; global has subject active,port_filtered_diff_for_subject,smoke_lpd_edc
30ebd6ebe5dd03ce45824a858743164a525f0467,tests/learning/english-phonics-runtime-display.test.mjs,M,tests/learning/english-phonics-runtime-display.test.mjs,true,false,english,false,false,false,ok,D_subject_filtered,Touches english engine/taxonomy/classifier; global has subject active,port_filtered_diff_for_subject,smoke_lpd_edc
30ebd6ebe5dd03ce45824a858743164a525f0467,tests/learning/evidence-eligibility-p3b.test.mjs,A,tests/learning/evidence-eligibility-p3b.test.mjs,false,false,cross-subject,false,false,false,missing_on_global,B_universal_direct,Core decision/evidence engine logic independent of locale/subject content,add_module_from_source,subject_classifier|taxonomy_e2e
30ebd6ebe5dd03ce45824a858743164a525f0467,tests/learning/evidence-engine-semantic.test.mjs,M,tests/learning/evidence-engine-semantic.test.mjs,true,false,cross-subject,false,false,false,ok,B_universal_direct,Regression coverage for engine/report/demo; adapt imports/subjects if needed,port_tests_filter_subjects,subject_classifier|taxonomy_e2e
30ebd6ebe5dd03ce45824a858743164a525f0467,tests/learning/lower-grade-practice-runtime-quality.test.mjs,M,tests/learning/lower-grade-practice-runtime-quality.test.mjs,true,false,cross-subject,false,false,false,ok,B_universal_direct,Regression coverage for engine/report/demo; adapt imports/subjects if needed,port_tests_filter_subjects,smoke_lpd_edc
30ebd6ebe5dd03ce45824a858743164a525f0467,tests/learning/parent-report-engine-decision-contract.test.mjs,M,tests/learning/parent-report-engine-decision-contract.test.mjs,true,false,cross-subject,false,false,false,ok,C_universal_with_locale_adaptation,Report/Demo/LPD surface logic is universal but copy/chrome must be English/LTR via global i18n,port_structure_map_copy_to_en_packs,smoke_lpd_edc
30ebd6ebe5dd03ce45824a858743164a525f0467,tests/learning/phase3-timing-policy.test.mjs,M,tests/learning/phase3-timing-policy.test.mjs,true,false,cross-subject,false,false,false,ok,B_universal_direct,Regression coverage for engine/report/demo; adapt imports/subjects if needed,port_tests_filter_subjects,smoke_lpd_edc
30ebd6ebe5dd03ce45824a858743164a525f0467,tests/learning/phase6-competitive-context.test.mjs,M,tests/learning/phase6-competitive-context.test.mjs,true,false,cross-subject,false,false,false,ok,B_universal_direct,Regression coverage for engine/report/demo; adapt imports/subjects if needed,port_tests_filter_subjects,smoke_lpd_edc
30ebd6ebe5dd03ce45824a858743164a525f0467,tests/learning/prerequisite-registry-p3b.test.mjs,A,tests/learning/prerequisite-registry-p3b.test.mjs,false,false,cross-subject,false,false,false,missing_on_global,B_universal_direct,Regression coverage for engine/report/demo; adapt imports/subjects if needed,port_tests_filter_subjects,smoke_lpd_edc
30ebd6ebe5dd03ce45824a858743164a525f0467,tests/learning/producer-authority-p3b.test.mjs,A,tests/learning/producer-authority-p3b.test.mjs,false,false,cross-subject,false,false,false,missing_on_global,B_universal_direct,Regression coverage for engine/report/demo; adapt imports/subjects if needed,port_tests_filter_subjects,smoke_lpd_edc
30ebd6ebe5dd03ce45824a858743164a525f0467,tests/learning/recommendation-contract-normalizer-p0.test.mjs,A,tests/learning/recommendation-contract-normalizer-p0.test.mjs,false,false,cross-subject,false,false,false,missing_on_global,B_universal_direct,Core decision/evidence engine logic independent of locale/subject content,add_module_from_source,smoke_lpd_edc
30ebd6ebe5dd03ce45824a858743164a525f0467,tests/learning/recurrence-policy-p3b.test.mjs,A,tests/learning/recurrence-policy-p3b.test.mjs,false,false,cross-subject,false,false,false,missing_on_global,B_universal_direct,Regression coverage for engine/report/demo; adapt imports/subjects if needed,port_tests_filter_subjects,smoke_lpd_edc
30ebd6ebe5dd03ce45824a858743164a525f0467,tests/learning/subject-engine-decision-contract.test.mjs,M,tests/learning/subject-engine-decision-contract.test.mjs,true,false,cross-subject,false,false,false,ok,B_universal_direct,Core decision/evidence engine logic independent of locale/subject content,port_diff_carefully,smoke_lpd_edc
30ebd6ebe5dd03ce45824a858743164a525f0467,tests/learning/taxonomy-rule-falsification-matrix.test.mjs,M,tests/learning/taxonomy-rule-falsification-matrix.test.mjs,true,false,cross-subject,false,false,false,ok,B_universal_direct,Regression coverage for engine/report/demo; adapt imports/subjects if needed,port_tests_filter_subjects,subject_classifier|taxonomy_e2e
30ebd6ebe5dd03ce45824a858743164a525f0467,tests/learning/taxonomy-rule-real-runtime-e2e.test.mjs,M,tests/learning/taxonomy-rule-real-runtime-e2e.test.mjs,true,false,cross-subject,false,false,false,ok,B_universal_direct,Regression coverage for engine/report/demo; adapt imports/subjects if needed,port_tests_filter_subjects,subject_classifier|taxonomy_e2e
30ebd6ebe5dd03ce45824a858743164a525f0467,tests/learning/taxonomy-rule-synthetic-pipeline.test.mjs,M,tests/learning/taxonomy-rule-synthetic-pipeline.test.mjs,true,false,cross-subject,false,false,false,ok,B_universal_direct,Regression coverage for engine/report/demo; adapt imports/subjects if needed,port_tests_filter_subjects,subject_classifier|taxonomy_e2e
30ebd6ebe5dd03ce45824a858743164a525f0467,tests/learning/taxonomy-targeting-p3.test.mjs,A,tests/learning/taxonomy-targeting-p3.test.mjs,false,false,cross-subject,false,false,false,missing_on_global,B_universal_direct,Regression coverage for engine/report/demo; adapt imports/subjects if needed,port_tests_filter_subjects,subject_classifier|taxonomy_e2e
30ebd6ebe5dd03ce45824a858743164a525f0467,tests/learning/topic-coverage-closure-p3c.test.mjs,A,tests/learning/topic-coverage-closure-p3c.test.mjs,false,false,cross-subject,false,false,false,missing_on_global,B_universal_direct,Regression coverage for engine/report/demo; adapt imports/subjects if needed,port_tests_filter_subjects,smoke_lpd_edc
30ebd6ebe5dd03ce45824a858743164a525f0467,tests/learning/topic-raw-action-p3b.test.mjs,A,tests/learning/topic-raw-action-p3b.test.mjs,false,false,cross-subject,false,false,false,missing_on_global,B_universal_direct,Regression coverage for engine/report/demo; adapt imports/subjects if needed,port_tests_filter_subjects,smoke_lpd_edc
30ebd6ebe5dd03ce45824a858743164a525f0467,tests/learning/unified-decision-context-p1.test.mjs,A,tests/learning/unified-decision-context-p1.test.mjs,false,false,cross-subject,false,false,false,missing_on_global,B_universal_direct,Core decision/evidence engine logic independent of locale/subject content,add_module_from_source,ADC_unit|ADC_p2|runtime_consumption
30ebd6ebe5dd03ce45824a858743164a525f0467,utils/action-decision-contract/action-decision-contract-v2.js,A,utils/action-decision-contract/action-decision-contract-v2.js,false,false,cross-subject,false,false,false,missing_on_global,B_universal_direct,Missing on global HEAD; required for ADC/LPD/factualObservations/evidence closure after 60a0eadd,direct_port_then_wire_global_subjects_only,ADC_unit|ADC_p2|runtime_consumption
30ebd6ebe5dd03ce45824a858743164a525f0467,utils/action-decision-contract/decision-calibration-contract-v1.js,A,utils/action-decision-contract/decision-calibration-contract-v1.js,false,false,cross-subject,false,false,false,missing_on_global,B_universal_direct,Missing on global HEAD; required for ADC/LPD/factualObservations/evidence closure after 60a0eadd,direct_port_then_wire_global_subjects_only,ADC_unit|ADC_p2|runtime_consumption
30ebd6ebe5dd03ce45824a858743164a525f0467,utils/action-decision-contract/decision-consumer-registry-v1.js,A,utils/action-decision-contract/decision-consumer-registry-v1.js,false,false,cross-subject,false,false,false,missing_on_global,B_universal_direct,Missing on global HEAD; required for ADC/LPD/factualObservations/evidence closure after 60a0eadd,direct_port_then_wire_global_subjects_only,ADC_unit|ADC_p2|runtime_consumption
30ebd6ebe5dd03ce45824a858743164a525f0467,utils/action-decision-contract/parent-action-decision-translations-he.js,A,utils/action-decision-contract/parent-action-decision-translations-he.js,false,false,cross-subject,true,false,true,missing_on_global,C_universal_with_locale_adaptation,"Hebrew parent-facing copy; global has English sibling layers (locales/en, parent-facing-error-pattern.js, burn-down packs)",port_meaning_into_english_i18n_not_hebrew_file,ADC_unit|ADC_p2|runtime_consumption
30ebd6ebe5dd03ce45824a858743164a525f0467,utils/action-decision-contract/prerequisite-precision.js,A,utils/action-decision-contract/prerequisite-precision.js,false,false,cross-subject,false,false,false,missing_on_global,B_universal_direct,Missing on global HEAD; required for ADC/LPD/factualObservations/evidence closure after 60a0eadd,direct_port_then_wire_global_subjects_only,ADC_unit|ADC_p2|runtime_consumption
30ebd6ebe5dd03ce45824a858743164a525f0467,utils/action-decision-contract/public-action-decision-v2.js,A,utils/action-decision-contract/public-action-decision-v2.js,false,false,cross-subject,false,false,false,missing_on_global,B_universal_direct,Missing on global HEAD; required for ADC/LPD/factualObservations/evidence closure after 60a0eadd,direct_port_then_wire_global_subjects_only,ADC_unit|ADC_p2|runtime_consumption
30ebd6ebe5dd03ce45824a858743164a525f0467,utils/contracts/recommendation-contract-normalizer.js,M,utils/contracts/recommendation-contract-normalizer.js,true,false,cross-subject,false,false,false,ok,B_universal_direct,Core decision/evidence engine logic independent of locale/subject content,port_diff_carefully,smoke_lpd_edc
30ebd6ebe5dd03ce45824a858743164a525f0467,utils/curriculum-skill-entity-registry.js,A,utils/curriculum-skill-entity-registry.js,false,false,cross-subject,false,false,false,missing_on_global,B_universal_direct,Core decision/evidence engine logic independent of locale/subject content,add_module_from_source,smoke_lpd_edc
30ebd6ebe5dd03ce45824a858743164a525f0467,utils/detailed-parent-report.js,M,utils/detailed-parent-report.js,true,false,cross-subject,false,false,false,ok,C_universal_with_locale_adaptation,Report/Demo/LPD surface logic is universal but copy/chrome must be English/LTR via global i18n,port_structure_map_copy_to_en_packs,smoke_lpd_edc
30ebd6ebe5dd03ce45824a858743164a525f0467,utils/diagnostic-engine-v2/evidence-recurrence.js,M,utils/diagnostic-engine-v2/evidence-recurrence.js,true,false,cross-subject,false,false,false,ok,B_universal_direct,Core decision/evidence engine logic independent of locale/subject content,port_diff_carefully,subject_classifier|taxonomy_e2e
30ebd6ebe5dd03ce45824a858743164a525f0467,utils/diagnostic-engine-v2/run-diagnostic-engine-v2.js,M,utils/diagnostic-engine-v2/run-diagnostic-engine-v2.js,true,false,cross-subject,false,false,false,ok,B_universal_direct,Default: treat as engine/report infrastructure after filters,review_diff_then_port,smoke_lpd_edc
30ebd6ebe5dd03ce45824a858743164a525f0467,utils/diagnostic-engine-v2/taxonomy-evidence-rules.js,M,utils/diagnostic-engine-v2/taxonomy-evidence-rules.js,true,false,cross-subject,false,false,false,ok,B_universal_direct,Default: treat as engine/report infrastructure after filters,review_diff_then_port,subject_classifier|taxonomy_e2e
30ebd6ebe5dd03ce45824a858743164a525f0467,utils/diagnostic-engine-v2/taxonomy-geometry.js,M,utils/diagnostic-engine-v2/taxonomy-geometry.js,true,false,geometry,false,false,false,ok,D_subject_filtered,Touches geometry engine/taxonomy/classifier; global has subject active,port_filtered_diff_for_subject,subject_classifier|taxonomy_e2e
30ebd6ebe5dd03ce45824a858743164a525f0467,utils/diagnostic-engine-v2/taxonomy-math-topic-coverage.js,A,utils/diagnostic-engine-v2/taxonomy-math-topic-coverage.js,false,false,math,false,false,false,missing_on_global,D_subject_filtered,Subject-scoped change for math; module absent on global — port filtered to active global subjects,port_subject_slice_for_active_subjects,subject_classifier|taxonomy_e2e
30ebd6ebe5dd03ce45824a858743164a525f0467,utils/diagnostic-engine-v2/taxonomy-recurrence-policy.js,A,utils/diagnostic-engine-v2/taxonomy-recurrence-policy.js,false,false,cross-subject,false,false,false,missing_on_global,G_dependency_or_risk,Path missing on global; may require supporting modules or be Israeli residue,inspect_before_port,subject_classifier|taxonomy_e2e
30ebd6ebe5dd03ce45824a858743164a525f0467,utils/diagnostic-engine-v2/taxonomy-registry.js,M,utils/diagnostic-engine-v2/taxonomy-registry.js,true,false,cross-subject,false,false,false,ok,B_universal_direct,Default: treat as engine/report infrastructure after filters,review_diff_then_port,subject_classifier|taxonomy_e2e
30ebd6ebe5dd03ce45824a858743164a525f0467,utils/diagnostic-engine-v2/taxonomy-required-tag-status.js,A,utils/diagnostic-engine-v2/taxonomy-required-tag-status.js,false,false,cross-subject,false,false,false,missing_on_global,G_dependency_or_risk,Path missing on global; may require supporting modules or be Israeli residue,inspect_before_port,subject_classifier|taxonomy_e2e
30ebd6ebe5dd03ce45824a858743164a525f0467,utils/diagnostic-engine-v2/topic-taxonomy-bridge.js,M,utils/diagnostic-engine-v2/topic-taxonomy-bridge.js,true,false,cross-subject,false,false,false,ok,B_universal_direct,Default: treat as engine/report infrastructure after filters,review_diff_then_port,subject_classifier|taxonomy_e2e
30ebd6ebe5dd03ce45824a858743164a525f0467,utils/diagnostic-engine-v3/error-types-v3.js,M,utils/diagnostic-engine-v3/error-types-v3.js,true,false,cross-subject,false,false,false,ok,B_universal_direct,Default: treat as engine/report infrastructure after filters,review_diff_then_port,smoke_lpd_edc
30ebd6ebe5dd03ce45824a858743164a525f0467,utils/diagnostic-engine-v3/evidence-contract-v3.js,M,utils/diagnostic-engine-v3/evidence-contract-v3.js,true,false,cross-subject,false,false,false,ok,B_universal_direct,Default: treat as engine/report infrastructure after filters,review_diff_then_port,subject_classifier|taxonomy_e2e
30ebd6ebe5dd03ce45824a858743164a525f0467,utils/diagnostic-evidence-eligibility.js,A,utils/diagnostic-evidence-eligibility.js,false,false,cross-subject,false,false,false,missing_on_global,B_universal_direct,Core decision/evidence engine logic independent of locale/subject content,add_module_from_source,subject_classifier|taxonomy_e2e
30ebd6ebe5dd03ce45824a858743164a525f0467,utils/diagnostic-mistake-metadata.js,M,utils/diagnostic-mistake-metadata.js,true,false,cross-subject,false,false,false,ok,B_universal_direct,Default: treat as engine/report infrastructure after filters,review_diff_then_port,smoke_lpd_edc
30ebd6ebe5dd03ce45824a858743164a525f0467,utils/english-question-generator.js,M,utils/english-question-generator.js,true,false,english,false,false,false,ok,D_subject_filtered,Touches english engine/taxonomy/classifier; global has subject active,port_filtered_diff_for_subject,smoke_lpd_edc
30ebd6ebe5dd03ce45824a858743164a525f0467,utils/geometry-question-generator.js,M,utils/geometry-question-generator.js,true,false,geometry,false,false,false,ok,D_subject_filtered,Touches geometry engine/taxonomy/classifier; global has subject active,port_filtered_diff_for_subject,smoke_lpd_edc
30ebd6ebe5dd03ce45824a858743164a525f0467,utils/geometry-topic-diagnostic-evidence.js,A,utils/geometry-topic-diagnostic-evidence.js,false,false,geometry,false,false,false,missing_on_global,D_subject_filtered,Subject-scoped change for geometry; module absent on global — port filtered to active global subjects,port_subject_slice_for_active_subjects,subject_classifier|taxonomy_e2e
30ebd6ebe5dd03ce45824a858743164a525f0467,utils/learning-diagnostics/question-skill-metadata-v1.js,M,utils/learning-diagnostics/question-skill-metadata-v1.js,true,false,cross-subject,false,false,false,ok,B_universal_direct,Default: treat as engine/report infrastructure after filters,review_diff_then_port,smoke_lpd_edc
30ebd6ebe5dd03ce45824a858743164a525f0467,utils/learning-pattern-decision/apply-learning-pattern-decision.js,M,utils/learning-pattern-decision/apply-learning-pattern-decision.js,true,false,cross-subject,false,false,false,ok,B_universal_direct,Default: treat as engine/report infrastructure after filters,review_diff_then_port,smoke_lpd_edc
30ebd6ebe5dd03ce45824a858743164a525f0467,utils/learning-pattern-decision/build-learning-pattern-decision.js,M,utils/learning-pattern-decision/build-learning-pattern-decision.js,true,false,cross-subject,false,false,false,ok,B_universal_direct,Default: treat as engine/report infrastructure after filters,review_diff_then_port,smoke_lpd_edc
30ebd6ebe5dd03ce45824a858743164a525f0467,utils/learning-pattern-decision/build-parent-report-engine-decision-contract.js,M,utils/learning-pattern-decision/build-parent-report-engine-decision-contract.js,true,false,cross-subject,false,false,false,ok,C_universal_with_locale_adaptation,Report/Demo/LPD surface logic is universal but copy/chrome must be English/LTR via global i18n,port_structure_map_copy_to_en_packs,smoke_lpd_edc
30ebd6ebe5dd03ce45824a858743164a525f0467,utils/learning-pattern-decision/build-subject-engine-decision-contract.js,M,utils/learning-pattern-decision/build-subject-engine-decision-contract.js,true,false,cross-subject,false,false,false,ok,B_universal_direct,Core decision/evidence engine logic independent of locale/subject content,port_diff_carefully,smoke_lpd_edc
30ebd6ebe5dd03ce45824a858743164a525f0467,utils/learning-pattern-decision/build-unified-decision-context.js,A,utils/learning-pattern-decision/build-unified-decision-context.js,false,false,cross-subject,false,false,false,missing_on_global,B_universal_direct,Missing on global HEAD; required for ADC/LPD/factualObservations/evidence closure after 60a0eadd,direct_port_then_wire_global_subjects_only,ADC_unit|ADC_p2|runtime_consumption
30ebd6ebe5dd03ce45824a858743164a525f0467,utils/learning-pattern-decision/engine-decision-codes.js,M,utils/learning-pattern-decision/engine-decision-codes.js,true,false,cross-subject,false,false,false,ok,B_universal_direct,Core decision/evidence engine logic independent of locale/subject content,port_diff_carefully,smoke_lpd_edc
30ebd6ebe5dd03ce45824a858743164a525f0467,utils/learning-pattern-decision/index.js,M,utils/learning-pattern-decision/index.js,true,false,cross-subject,false,false,false,ok,B_universal_direct,Default: treat as engine/report infrastructure after filters,review_diff_then_port,smoke_lpd_edc
30ebd6ebe5dd03ce45824a858743164a525f0467,utils/learning-pattern-decision/lpd-parent-facing-copy.js,M,utils/learning-pattern-decision/lpd-parent-facing-copy.js,true,false,cross-subject,false,false,true,ok,C_universal_with_locale_adaptation,Report/Demo/LPD surface logic is universal but copy/chrome must be English/LTR via global i18n,port_structure_map_copy_to_en_packs,factual_closure_en|report_parity|chrome_mapping
30ebd6ebe5dd03ce45824a858743164a525f0467,utils/learning-pattern-decision/resolve-excluded-evidence.js,M,utils/learning-pattern-decision/resolve-excluded-evidence.js,true,false,cross-subject,false,false,false,ok,B_universal_direct,Default: treat as engine/report infrastructure after filters,review_diff_then_port,subject_classifier|taxonomy_e2e
30ebd6ebe5dd03ce45824a858743164a525f0467,utils/lower-grade-practice-runtime-quality.js,M,utils/lower-grade-practice-runtime-quality.js,true,false,cross-subject,false,false,false,ok,B_universal_direct,Default: treat as engine/report infrastructure after filters,review_diff_then_port,smoke_lpd_edc
30ebd6ebe5dd03ce45824a858743164a525f0467,utils/math-question-generator.js,M,utils/math-question-generator.js,true,false,math,false,false,false,ok,D_subject_filtered,Touches math engine/taxonomy/classifier; global has subject active,port_filtered_diff_for_subject,smoke_lpd_edc
30ebd6ebe5dd03ce45824a858743164a525f0467,utils/math-topic-diagnostic-evidence.js,A,utils/math-topic-diagnostic-evidence.js,false,false,math,false,false,false,missing_on_global,D_subject_filtered,Subject-scoped change for math; module absent on global — port filtered to active global subjects,port_subject_slice_for_active_subjects,subject_classifier|taxonomy_e2e
30ebd6ebe5dd03ce45824a858743164a525f0467,utils/mistake-event.js,M,utils/mistake-event.js,true,false,cross-subject,false,false,false,ok,B_universal_direct,Core decision/evidence engine logic independent of locale/subject content,port_diff_carefully,smoke_lpd_edc
30ebd6ebe5dd03ce45824a858743164a525f0467,utils/parent-report-engine-insights-he.js,M,utils/parent-report-engine-insights-he.js,true,false,cross-subject,true,false,true,ok,C_universal_with_locale_adaptation,"Hebrew parent-facing copy; global has English sibling layers (locales/en, parent-facing-error-pattern.js, burn-down packs)",port_meaning_into_english_i18n_not_hebrew_file,smoke_lpd_edc
30ebd6ebe5dd03ce45824a858743164a525f0467,utils/parent-report-engine-taxonomy-bridge.js,M,utils/parent-report-engine-taxonomy-bridge.js,true,false,cross-subject,false,false,false,ok,C_universal_with_locale_adaptation,Report/Demo/LPD surface logic is universal but copy/chrome must be English/LTR via global i18n,port_structure_map_copy_to_en_packs,subject_classifier|taxonomy_e2e
30ebd6ebe5dd03ce45824a858743164a525f0467,utils/parent-report-row-trend.js,M,utils/parent-report-row-trend.js,true,false,cross-subject,false,false,false,ok,C_universal_with_locale_adaptation,Report/Demo/LPD surface logic is universal but copy/chrome must be English/LTR via global i18n,port_structure_map_copy_to_en_packs,smoke_lpd_edc
30ebd6ebe5dd03ce45824a858743164a525f0467,utils/question-metadata-qa/question-metadata-scanner.js,M,utils/question-metadata-qa/question-metadata-scanner.js,true,false,cross-subject,false,false,false,ok,B_universal_direct,Default: treat as engine/report infrastructure after filters,review_diff_then_port,smoke_lpd_edc
30ebd6ebe5dd03ce45824a858743164a525f0467,utils/question-metadata-qa/question-metadata-taxonomy.js,M,utils/question-metadata-qa/question-metadata-taxonomy.js,true,false,cross-subject,false,false,false,ok,B_universal_direct,Default: treat as engine/report infrastructure after filters,review_diff_then_port,subject_classifier|taxonomy_e2e
30ebd6ebe5dd03ce45824a858743164a525f0467,utils/subskill-candidate-safety.js,M,utils/subskill-candidate-safety.js,true,false,cross-subject,false,false,false,ok,B_universal_direct,Core decision/evidence engine logic independent of locale/subject content,port_diff_carefully,global_date_policy
d656f72ca13dcf2c6488f8ffcffe42845f3186d1,tests/learning/action-decision-consumer-migration-p4.test.mjs,M,tests/learning/action-decision-consumer-migration-p4.test.mjs,false,false,cross-subject,false,false,false,missing_on_global,B_universal_direct,Missing on global HEAD; required for ADC/LPD/factualObservations/evidence closure after 60a0eadd,direct_port_then_wire_global_subjects_only,ADC_unit|ADC_p2|runtime_consumption
d656f72ca13dcf2c6488f8ffcffe42845f3186d1,utils/action-decision-contract/action-decision-contract-v2.js,M,utils/action-decision-contract/action-decision-contract-v2.js,false,false,cross-subject,false,false,false,missing_on_global,B_universal_direct,Missing on global HEAD; required for ADC/LPD/factualObservations/evidence closure after 60a0eadd,direct_port_then_wire_global_subjects_only,ADC_unit|ADC_p2|runtime_consumption
d656f72ca13dcf2c6488f8ffcffe42845f3186d1,utils/contracts/assert-contract-step-consistency.js,M,utils/contracts/assert-contract-step-consistency.js,true,false,cross-subject,false,false,false,ok,B_universal_direct,Default: treat as engine/report infrastructure after filters,review_diff_then_port,smoke_lpd_edc
d656f72ca13dcf2c6488f8ffcffe42845f3186d1,utils/contracts/recommendation-contract-normalizer.js,M,utils/contracts/recommendation-contract-normalizer.js,true,false,cross-subject,false,false,false,ok,B_universal_direct,Core decision/evidence engine logic independent of locale/subject content,port_diff_carefully,smoke_lpd_edc
d656f72ca13dcf2c6488f8ffcffe42845f3186d1,utils/parent-report-v2.js,M,utils/parent-report-v2.js,true,false,cross-subject,false,false,false,ok,C_universal_with_locale_adaptation,Report/Demo/LPD surface logic is universal but copy/chrome must be English/LTR via global i18n,port_structure_map_copy_to_en_packs,smoke_lpd_edc
d656f72ca13dcf2c6488f8ffcffe42845f3186d1,utils/topic-next-step-engine.js,M,utils/topic-next-step-engine.js,true,false,cross-subject,false,false,false,ok,B_universal_direct,Core decision/evidence engine logic independent of locale/subject content,port_diff_carefully,ADC_unit|ADC_p2|runtime_consumption
c0bc9878f19295716bfc6017823c47588c08a742,scripts/diagnostic-engine-v2-harness.mjs,M,scripts/diagnostic-engine-v2-harness.mjs,true,false,cross-subject,false,false,false,ok,B_universal_direct,Default: treat as engine/report infrastructure after filters,review_diff_then_port,smoke_lpd_edc
c0bc9878f19295716bfc6017823c47588c08a742,scripts/parent-report-phase6-suite.mjs,M,scripts/parent-report-phase6-suite.mjs,true,false,cross-subject,false,false,false,ok,C_universal_with_locale_adaptation,Report/Demo/LPD surface logic is universal but copy/chrome must be English/LTR via global i18n,port_structure_map_copy_to_en_packs,smoke_lpd_edc
c0bc9878f19295716bfc6017823c47588c08a742,scripts/topic-next-step-engine-scenarios.mjs,M,scripts/topic-next-step-engine-scenarios.mjs,true,false,cross-subject,false,false,false,ok,B_universal_direct,Core decision/evidence engine logic independent of locale/subject content,port_diff_carefully,ADC_unit|ADC_p2|runtime_consumption
c0bc9878f19295716bfc6017823c47588c08a742,tests/engine-decision-audit/full-engine-audit.mjs,M,tests/engine-decision-audit/full-engine-audit.mjs,false,false,cross-subject,false,false,false,missing_on_global,B_universal_direct,Core decision/evidence engine logic independent of locale/subject content,add_module_from_source,smoke_lpd_edc
c0bc9878f19295716bfc6017823c47588c08a742,tests/learning/action-decision-consumer-migration-p4.test.mjs,M,tests/learning/action-decision-consumer-migration-p4.test.mjs,false,false,cross-subject,false,false,false,missing_on_global,B_universal_direct,Missing on global HEAD; required for ADC/LPD/factualObservations/evidence closure after 60a0eadd,direct_port_then_wire_global_subjects_only,ADC_unit|ADC_p2|runtime_consumption
c0bc9878f19295716bfc6017823c47588c08a742,tests/learning/action-decision-contract-p2.test.mjs,M,tests/learning/action-decision-contract-p2.test.mjs,false,false,cross-subject,false,false,false,missing_on_global,B_universal_direct,Missing on global HEAD; required for ADC/LPD/factualObservations/evidence closure after 60a0eadd,direct_port_then_wire_global_subjects_only,ADC_unit|ADC_p2|runtime_consumption
c0bc9878f19295716bfc6017823c47588c08a742,tests/learning/parent-report-engine-decision-contract.test.mjs,M,tests/learning/parent-report-engine-decision-contract.test.mjs,true,false,cross-subject,false,false,false,ok,C_universal_with_locale_adaptation,Report/Demo/LPD surface logic is universal but copy/chrome must be English/LTR via global i18n,port_structure_map_copy_to_en_packs,smoke_lpd_edc
c0bc9878f19295716bfc6017823c47588c08a742,tests/learning/subject-engine-decision-contract.test.mjs,M,tests/learning/subject-engine-decision-contract.test.mjs,true,false,cross-subject,false,false,false,ok,B_universal_direct,Core decision/evidence engine logic independent of locale/subject content,port_diff_carefully,smoke_lpd_edc
c0bc9878f19295716bfc6017823c47588c08a742,utils/action-decision-contract/action-decision-contract-v2.js,M,utils/action-decision-contract/action-decision-contract-v2.js,false,false,cross-subject,false,false,false,missing_on_global,B_universal_direct,Missing on global HEAD; required for ADC/LPD/factualObservations/evidence closure after 60a0eadd,direct_port_then_wire_global_subjects_only,ADC_unit|ADC_p2|runtime_consumption
c0bc9878f19295716bfc6017823c47588c08a742,utils/contracts/assert-contract-step-consistency.js,M,utils/contracts/assert-contract-step-consistency.js,true,false,cross-subject,false,false,false,ok,B_universal_direct,Default: treat as engine/report infrastructure after filters,review_diff_then_port,smoke_lpd_edc
c0bc9878f19295716bfc6017823c47588c08a742,utils/detailed-parent-report.js,M,utils/detailed-parent-report.js,true,false,cross-subject,false,false,false,ok,C_universal_with_locale_adaptation,Report/Demo/LPD surface logic is universal but copy/chrome must be English/LTR via global i18n,port_structure_map_copy_to_en_packs,smoke_lpd_edc
c0bc9878f19295716bfc6017823c47588c08a742,utils/learning-pattern-decision/engine-decision-codes.js,M,utils/learning-pattern-decision/engine-decision-codes.js,true,false,cross-subject,false,false,false,ok,B_universal_direct,Core decision/evidence engine logic independent of locale/subject content,port_diff_carefully,smoke_lpd_edc
c0bc9878f19295716bfc6017823c47588c08a742,utils/topic-next-step-engine.js,M,utils/topic-next-step-engine.js,true,false,cross-subject,false,false,false,ok,B_universal_direct,Core decision/evidence engine logic independent of locale/subject content,port_diff_carefully,ADC_unit|ADC_p2|runtime_consumption
03f6acdb6a986dbee70b0e31b85630ea72a17953,.github/workflows/parent-report-tests.yml,M,.github/workflows/parent-report-tests.yml,true,false,cross-subject,false,false,false,ok,C_universal_with_locale_adaptation,Report/Demo/LPD surface logic is universal but copy/chrome must be English/LTR via global i18n,port_structure_map_copy_to_en_packs,smoke_lpd_edc
03f6acdb6a986dbee70b0e31b85630ea72a17953,docs/audits/DECISION-ENGINE-CLAUDE-BLOCKER-CLOSURE-2026-07-24.md,A,docs/audits/DECISION-ENGINE-CLAUDE-BLOCKER-CLOSURE-2026-07-24.md,false,false,cross-subject,false,false,false,ok,F_israeli_only_skip,Israeli audit artifacts reflecting IL dossiers/labels; regenerate global audits after port,skip_regenerate_global_audits_later,none
03f6acdb6a986dbee70b0e31b85630ea72a17953,hooks/useActionDecisionRouteSync.js,A,hooks/useActionDecisionRouteSync.js,false,false,cross-subject,false,false,false,missing_on_global,B_universal_direct,Missing on global HEAD; required for ADC/LPD/factualObservations/evidence closure after 60a0eadd,direct_port_then_wire_global_subjects_only,smoke_lpd_edc
03f6acdb6a986dbee70b0e31b85630ea72a17953,hooks/usePracticeMoreBudget.js,A,hooks/usePracticeMoreBudget.js,false,false,cross-subject,false,false,false,missing_on_global,B_universal_direct,Missing on global HEAD; required for ADC/LPD/factualObservations/evidence closure after 60a0eadd,direct_port_then_wire_global_subjects_only,smoke_lpd_edc
03f6acdb6a986dbee70b0e31b85630ea72a17953,hooks/usePrerequisiteContentOverride.js,A,hooks/usePrerequisiteContentOverride.js,false,false,cross-subject,false,false,false,missing_on_global,B_universal_direct,Missing on global HEAD; required for ADC/LPD/factualObservations/evidence closure after 60a0eadd,direct_port_then_wire_global_subjects_only,smoke_lpd_edc
03f6acdb6a986dbee70b0e31b85630ea72a17953,hooks/useStudentActionDecision.js,M,hooks/useStudentActionDecision.js,false,false,cross-subject,false,false,false,missing_on_global,B_universal_direct,Missing on global HEAD; required for ADC/LPD/factualObservations/evidence closure after 60a0eadd,direct_port_then_wire_global_subjects_only,smoke_lpd_edc
03f6acdb6a986dbee70b0e31b85630ea72a17953,hooks/useStudentDisplayLevelPractice.js,M,hooks/useStudentDisplayLevelPractice.js,true,false,cross-subject,false,false,false,ok,B_universal_direct,Default: treat as engine/report infrastructure after filters,review_diff_then_port,smoke_lpd_edc
03f6acdb6a986dbee70b0e31b85630ea72a17953,lib/learning-client/scheduleAdaptivePlannerRecommendation.js,M,lib/learning-client/scheduleAdaptivePlannerRecommendation.js,true,false,cross-subject,false,false,false,ok,B_universal_direct,Default: treat as engine/report infrastructure after filters,review_diff_then_port,smoke_lpd_edc
03f6acdb6a986dbee70b0e31b85630ea72a17953,lib/learning/action-decision-executor.js,M,lib/learning/action-decision-executor.js,false,false,cross-subject,false,false,false,missing_on_global,B_universal_direct,Missing on global HEAD; required for ADC/LPD/factualObservations/evidence closure after 60a0eadd,direct_port_then_wire_global_subjects_only,ADC_unit|ADC_p2|runtime_consumption
03f6acdb6a986dbee70b0e31b85630ea72a17953,lib/learning/adaptive-streak-mode-eligibility.js,A,lib/learning/adaptive-streak-mode-eligibility.js,false,false,cross-subject,false,false,false,missing_on_global,G_dependency_or_risk,Path missing on global; may require supporting modules or be Israeli residue,inspect_before_port,smoke_lpd_edc
03f6acdb6a986dbee70b0e31b85630ea72a17953,lib/learning/p3b-topic-closure-producers.js,M,lib/learning/p3b-topic-closure-producers.js,false,false,cross-subject,false,false,false,missing_on_global,G_dependency_or_risk,Path missing on global; may require supporting modules or be Israeli residue,inspect_before_port,smoke_lpd_edc
03f6acdb6a986dbee70b0e31b85630ea72a17953,lib/learning/practice-more-budget.js,A,lib/learning/practice-more-budget.js,false,false,cross-subject,false,false,false,missing_on_global,B_universal_direct,Missing on global HEAD; required for ADC/LPD/factualObservations/evidence closure after 60a0eadd,direct_port_then_wire_global_subjects_only,smoke_lpd_edc
03f6acdb6a986dbee70b0e31b85630ea72a17953,lib/learning/prerequisite-content-source.js,A,lib/learning/prerequisite-content-source.js,false,false,cross-subject,false,false,false,missing_on_global,G_dependency_or_risk,Path missing on global; may require supporting modules or be Israeli residue,inspect_before_port,smoke_lpd_edc
03f6acdb6a986dbee70b0e31b85630ea72a17953,lib/learning/regular-internal-adaptive.js,M,lib/learning/regular-internal-adaptive.js,true,false,cross-subject,false,false,false,ok,B_universal_direct,Default: treat as engine/report infrastructure after filters,review_diff_then_port,smoke_lpd_edc
03f6acdb6a986dbee70b0e31b85630ea72a17953,lib/learning/science-internal-adaptive.js,M,lib/learning/science-internal-adaptive.js,true,false,science,false,false,false,ok,D_subject_filtered,Touches science engine/taxonomy/classifier; global has subject active,port_filtered_diff_for_subject,smoke_lpd_edc
03f6acdb6a986dbee70b0e31b85630ea72a17953,lib/parent-server/parent-report-parent-facing.server.js,M,lib/parent-server/parent-report-parent-facing.server.js,true,false,cross-subject,false,false,true,ok,C_universal_with_locale_adaptation,Report/Demo/LPD surface logic is universal but copy/chrome must be English/LTR via global i18n,port_structure_map_copy_to_en_packs,factual_closure_en|report_parity|chrome_mapping
03f6acdb6a986dbee70b0e31b85630ea72a17953,package.json,M,package.json,true,false,cross-subject,false,false,false,ok,B_universal_direct,Default: treat as engine/report infrastructure after filters,review_diff_then_port,smoke_lpd_edc
03f6acdb6a986dbee70b0e31b85630ea72a17953,pages/learning/english-master.js,M,pages/learning/english-master.js,true,false,english,false,false,false,ok,D_subject_filtered,Touches english engine/taxonomy/classifier; global has subject active,port_filtered_diff_for_subject,smoke_lpd_edc
03f6acdb6a986dbee70b0e31b85630ea72a17953,pages/learning/geometry-master.js,M,pages/learning/geometry-master.js,true,false,geometry,false,false,false,ok,D_subject_filtered,Touches geometry engine/taxonomy/classifier; global has subject active,port_filtered_diff_for_subject,smoke_lpd_edc
03f6acdb6a986dbee70b0e31b85630ea72a17953,pages/learning/hebrew-master.js,M,pages/learning/hebrew-master.js,false,false,hebrew,true,false,false,israeli_master_absent,F_israeli_only_skip,Subject hebrew is absent from global learning product,skip,none
03f6acdb6a986dbee70b0e31b85630ea72a17953,pages/learning/history-master.js,M,pages/learning/history-master.js,false,false,history,false,false,false,israeli_master_absent,F_israeli_only_skip,Subject history is absent from global learning product,skip,none
03f6acdb6a986dbee70b0e31b85630ea72a17953,pages/learning/math-master.js,M,pages/learning/math-master.js,true,false,math,false,false,false,ok,D_subject_filtered,Touches math engine/taxonomy/classifier; global has subject active,port_filtered_diff_for_subject,smoke_lpd_edc
03f6acdb6a986dbee70b0e31b85630ea72a17953,pages/learning/moledet-geography-master.js,M,pages/learning/moledet-geography-master.js,false,false,moledet-geography,false,true,false,israeli_master_absent,F_israeli_only_skip,Subject moledet-geography is absent from global learning product,skip,none
03f6acdb6a986dbee70b0e31b85630ea72a17953,pages/learning/science-master.js,M,pages/learning/science-master.js,true,false,science,false,false,false,ok,D_subject_filtered,Touches science engine/taxonomy/classifier; global has subject active,port_filtered_diff_for_subject,smoke_lpd_edc
03f6acdb6a986dbee70b0e31b85630ea72a17953,scripts/decision-engine-33-topic-coverage-closure.mjs,M,scripts/decision-engine-33-topic-coverage-closure.mjs,false,false,cross-subject,false,false,false,missing_on_global,G_dependency_or_risk,Path missing on global; may require supporting modules or be Israeli residue,inspect_before_port,smoke_lpd_edc
03f6acdb6a986dbee70b0e31b85630ea72a17953,scripts/decision-engine-p3b-coverage-audit.mjs,M,scripts/decision-engine-p3b-coverage-audit.mjs,false,false,cross-subject,false,false,false,missing_on_global,G_dependency_or_risk,Path missing on global; may require supporting modules or be Israeli residue,inspect_before_port,smoke_lpd_edc
03f6acdb6a986dbee70b0e31b85630ea72a17953,tests/learning/action-decision-contract-unit-p4.test.mjs,R,tests/learning/action-decision-contract-unit-p4.test.mjs,false,false,cross-subject,false,false,false,missing_on_global,B_universal_direct,Missing on global HEAD; required for ADC/LPD/factualObservations/evidence closure after 60a0eadd,direct_port_then_wire_global_subjects_only,ADC_unit|ADC_p2|runtime_consumption
03f6acdb6a986dbee70b0e31b85630ea72a17953,tests/learning/decision-engine-e2e-benchmark.test.mjs,A,tests/learning/decision-engine-e2e-benchmark.test.mjs,false,false,cross-subject,false,false,false,missing_on_global,B_universal_direct,Regression coverage for engine/report/demo; adapt imports/subjects if needed,port_tests_filter_subjects,smoke_lpd_edc
03f6acdb6a986dbee70b0e31b85630ea72a17953,tests/learning/decision-engine-runtime-consumption.test.mjs,A,tests/learning/decision-engine-runtime-consumption.test.mjs,false,false,cross-subject,false,false,false,missing_on_global,B_universal_direct,Regression coverage for engine/report/demo; adapt imports/subjects if needed,port_tests_filter_subjects,smoke_lpd_edc
03f6acdb6a986dbee70b0e31b85630ea72a17953,tests/learning/parent-output-final-closure-contract.test.mjs,M,tests/learning/parent-output-final-closure-contract.test.mjs,true,false,cross-subject,false,false,false,ok,B_universal_direct,Regression coverage for engine/report/demo; adapt imports/subjects if needed,port_tests_filter_subjects,smoke_lpd_edc
03f6acdb6a986dbee70b0e31b85630ea72a17953,tests/learning/prerequisite-registry-p3b.test.mjs,M,tests/learning/prerequisite-registry-p3b.test.mjs,false,false,cross-subject,false,false,false,missing_on_global,B_universal_direct,Regression coverage for engine/report/demo; adapt imports/subjects if needed,port_tests_filter_subjects,smoke_lpd_edc
03f6acdb6a986dbee70b0e31b85630ea72a17953,tests/learning/taxonomy-targeting-p3.test.mjs,M,tests/learning/taxonomy-targeting-p3.test.mjs,false,false,cross-subject,false,false,false,missing_on_global,B_universal_direct,Regression coverage for engine/report/demo; adapt imports/subjects if needed,port_tests_filter_subjects,subject_classifier|taxonomy_e2e
03f6acdb6a986dbee70b0e31b85630ea72a17953,tests/learning/topic-coverage-closure-p3c.test.mjs,M,tests/learning/topic-coverage-closure-p3c.test.mjs,false,false,cross-subject,false,false,false,missing_on_global,B_universal_direct,Regression coverage for engine/report/demo; adapt imports/subjects if needed,port_tests_filter_subjects,smoke_lpd_edc
03f6acdb6a986dbee70b0e31b85630ea72a17953,tests/learning/topic-raw-action-p3b.test.mjs,M,tests/learning/topic-raw-action-p3b.test.mjs,false,false,cross-subject,false,false,false,missing_on_global,B_universal_direct,Regression coverage for engine/report/demo; adapt imports/subjects if needed,port_tests_filter_subjects,smoke_lpd_edc
03f6acdb6a986dbee70b0e31b85630ea72a17953,utils/action-decision-contract/action-decision-contract-v2.js,M,utils/action-decision-contract/action-decision-contract-v2.js,false,false,cross-subject,false,false,false,missing_on_global,B_universal_direct,Missing on global HEAD; required for ADC/LPD/factualObservations/evidence closure after 60a0eadd,direct_port_then_wire_global_subjects_only,ADC_unit|ADC_p2|runtime_consumption
03f6acdb6a986dbee70b0e31b85630ea72a17953,utils/action-decision-contract/decision-calibration-contract-v1.js,M,utils/action-decision-contract/decision-calibration-contract-v1.js,false,false,cross-subject,false,false,false,missing_on_global,B_universal_direct,Missing on global HEAD; required for ADC/LPD/factualObservations/evidence closure after 60a0eadd,direct_port_then_wire_global_subjects_only,ADC_unit|ADC_p2|runtime_consumption
03f6acdb6a986dbee70b0e31b85630ea72a17953,utils/action-decision-contract/decision-consumer-registry-v1.js,M,utils/action-decision-contract/decision-consumer-registry-v1.js,false,false,cross-subject,false,false,false,missing_on_global,B_universal_direct,Missing on global HEAD; required for ADC/LPD/factualObservations/evidence closure after 60a0eadd,direct_port_then_wire_global_subjects_only,ADC_unit|ADC_p2|runtime_consumption
03f6acdb6a986dbee70b0e31b85630ea72a17953,utils/action-decision-contract/prerequisite-precision.js,M,utils/action-decision-contract/prerequisite-precision.js,false,false,cross-subject,false,false,false,missing_on_global,B_universal_direct,Missing on global HEAD; required for ADC/LPD/factualObservations/evidence closure after 60a0eadd,direct_port_then_wire_global_subjects_only,ADC_unit|ADC_p2|runtime_consumption
03f6acdb6a986dbee70b0e31b85630ea72a17953,utils/contracts/assert-contract-step-consistency.js,M,utils/contracts/assert-contract-step-consistency.js,true,false,cross-subject,false,false,false,ok,B_universal_direct,Default: treat as engine/report infrastructure after filters,review_diff_then_port,smoke_lpd_edc
03f6acdb6a986dbee70b0e31b85630ea72a17953,utils/diagnostic-engine-v2/taxonomy-science.js,M,utils/diagnostic-engine-v2/taxonomy-science.js,true,false,science,false,false,false,ok,D_subject_filtered,Touches science engine/taxonomy/classifier; global has subject active,port_filtered_diff_for_subject,subject_classifier|taxonomy_e2e
03f6acdb6a986dbee70b0e31b85630ea72a17953,utils/diagnostic-engine-v2/topic-taxonomy-bridge.js,M,utils/diagnostic-engine-v2/topic-taxonomy-bridge.js,true,false,cross-subject,false,false,false,ok,B_universal_direct,Default: treat as engine/report infrastructure after filters,review_diff_then_port,subject_classifier|taxonomy_e2e
03f6acdb6a986dbee70b0e31b85630ea72a17953,utils/topic-next-step-engine.js,M,utils/topic-next-step-engine.js,true,false,cross-subject,false,false,false,ok,B_universal_direct,Core decision/evidence engine logic independent of locale/subject content,port_diff_carefully,ADC_unit|ADC_p2|runtime_consumption
b272d58285bb2cd0653f0118a3e882f497f92f8c,components/parent-report-detailed-surface.jsx,M,components/parent-report-detailed-surface.jsx,true,false,cross-subject,false,false,true,ok,C_universal_with_locale_adaptation,Report/Demo/LPD surface logic is universal but copy/chrome must be English/LTR via global i18n,port_structure_map_copy_to_en_packs,smoke_lpd_edc
b272d58285bb2cd0653f0118a3e882f497f92f8c,lib/learning-supabase/report-data-adapter.js,M,lib/learning-supabase/report-data-adapter.js,true,false,cross-subject,false,false,false,ok,B_universal_direct,Default: treat as engine/report infrastructure after filters,review_diff_then_port,smoke_lpd_edc
b272d58285bb2cd0653f0118a3e882f497f92f8c,lib/learning/action-decision-executor.js,M,lib/learning/action-decision-executor.js,false,false,cross-subject,false,false,false,missing_on_global,B_universal_direct,Missing on global HEAD; required for ADC/LPD/factualObservations/evidence closure after 60a0eadd,direct_port_then_wire_global_subjects_only,ADC_unit|ADC_p2|runtime_consumption
b272d58285bb2cd0653f0118a3e882f497f92f8c,lib/learning/answer-evidence-contract.js,M,lib/learning/answer-evidence-contract.js,true,false,cross-subject,false,false,false,ok,B_universal_direct,Default: treat as engine/report infrastructure after filters,review_diff_then_port,subject_classifier|taxonomy_e2e
b272d58285bb2cd0653f0118a3e882f497f92f8c,lib/learning/classifiers/classify-answer-evidence.js,A,lib/learning/classifiers/classify-answer-evidence.js,false,false,cross-subject,false,false,false,missing_on_global,G_dependency_or_risk,Path missing on global; may require supporting modules or be Israeli residue,inspect_before_port,subject_classifier|taxonomy_e2e
b272d58285bb2cd0653f0118a3e882f497f92f8c,lib/learning/classifiers/english-typed-classifier.js,M,lib/learning/classifiers/english-typed-classifier.js,true,false,english,false,false,false,ok,D_subject_filtered,Touches english engine/taxonomy/classifier; global has subject active,port_filtered_diff_for_subject,subject_classifier|taxonomy_e2e
b272d58285bb2cd0653f0118a3e882f497f92f8c,lib/learning/classifiers/hebrew-typed-classifier.js,M,lib/learning/classifiers/hebrew-typed-classifier.js,false,false,hebrew,true,false,false,ok,F_israeli_only_skip,Subject hebrew is absent from global learning product,skip,none
b272d58285bb2cd0653f0118a3e882f497f92f8c,lib/learning/classifiers/history-typed-classifier.js,A,lib/learning/classifiers/history-typed-classifier.js,false,false,history,false,false,false,ok,F_israeli_only_skip,Subject history is absent from global learning product,skip,none
b272d58285bb2cd0653f0118a3e882f497f92f8c,lib/learning/classifiers/index.js,M,lib/learning/classifiers/index.js,true,false,cross-subject,false,false,false,ok,B_universal_direct,Default: treat as engine/report infrastructure after filters,review_diff_then_port,subject_classifier|taxonomy_e2e
b272d58285bb2cd0653f0118a3e882f497f92f8c,lib/learning/classifiers/math-numeric-classifier.js,M,lib/learning/classifiers/math-numeric-classifier.js,true,false,math,false,false,false,ok,D_subject_filtered,Touches math engine/taxonomy/classifier; global has subject active,port_filtered_diff_for_subject,subject_classifier|taxonomy_e2e
b272d58285bb2cd0653f0118a3e882f497f92f8c,lib/learning/classifiers/mcq-distractor-classifier.js,M,lib/learning/classifiers/mcq-distractor-classifier.js,true,false,cross-subject,false,false,false,ok,B_universal_direct,Default: treat as engine/report infrastructure after filters,review_diff_then_port,subject_classifier|taxonomy_e2e
b272d58285bb2cd0653f0118a3e882f497f92f8c,lib/learning/classifiers/moledet-typed-classifier.js,A,lib/learning/classifiers/moledet-typed-classifier.js,false,false,moledet-geography,false,true,false,israeli_master_absent,F_israeli_only_skip,Subject moledet-geography is absent from global learning product,skip,none
b272d58285bb2cd0653f0118a3e882f497f92f8c,lib/learning/classifiers/science-typed-classifier.js,A,lib/learning/classifiers/science-typed-classifier.js,false,false,science,false,false,false,missing_on_global,B_universal_direct,Missing on global HEAD; required for ADC/LPD/factualObservations/evidence closure after 60a0eadd,direct_port_then_wire_global_subjects_only,subject_classifier|taxonomy_e2e
b272d58285bb2cd0653f0118a3e882f497f92f8c,lib/learning/classifiers/write-time-answer-evidence.js,A,lib/learning/classifiers/write-time-answer-evidence.js,false,false,cross-subject,false,false,false,missing_on_global,G_dependency_or_risk,Path missing on global; may require supporting modules or be Israeli residue,inspect_before_port,subject_classifier|taxonomy_e2e
b272d58285bb2cd0653f0118a3e882f497f92f8c,lib/learning/column-trace.js,A,lib/learning/column-trace.js,false,false,cross-subject,false,false,false,missing_on_global,G_dependency_or_risk,Path missing on global; may require supporting modules or be Israeli residue,inspect_before_port,smoke_lpd_edc
b272d58285bb2cd0653f0118a3e882f497f92f8c,lib/learning/fraction-parse.js,A,lib/learning/fraction-parse.js,false,false,math,false,false,false,missing_on_global,D_subject_filtered,Subject-scoped change for math; module absent on global — port filtered to active global subjects,port_subject_slice_for_active_subjects,smoke_lpd_edc
b272d58285bb2cd0653f0118a3e882f497f92f8c,lib/learning/fuzzy-tolerance-core-ops.js,A,lib/learning/fuzzy-tolerance-core-ops.js,false,false,cross-subject,false,false,false,missing_on_global,B_universal_direct,Missing on global HEAD; required for ADC/LPD/factualObservations/evidence closure after 60a0eadd,direct_port_then_wire_global_subjects_only,subject_classifier|taxonomy_e2e
b272d58285bb2cd0653f0118a3e882f497f92f8c,lib/learning/fuzzy-tolerance-english.js,A,lib/learning/fuzzy-tolerance-english.js,false,false,english,false,false,false,missing_on_global,B_universal_direct,Missing on global HEAD; required for ADC/LPD/factualObservations/evidence closure after 60a0eadd,direct_port_then_wire_global_subjects_only,subject_classifier|taxonomy_e2e
b272d58285bb2cd0653f0118a3e882f497f92f8c,lib/learning/fuzzy-tolerance-fractions.js,A,lib/learning/fuzzy-tolerance-fractions.js,false,false,math,false,false,false,missing_on_global,B_universal_direct,Missing on global HEAD; required for ADC/LPD/factualObservations/evidence closure after 60a0eadd,direct_port_then_wire_global_subjects_only,subject_classifier|taxonomy_e2e
b272d58285bb2cd0653f0118a3e882f497f92f8c,lib/learning/fuzzy-tolerance-geometry.js,A,lib/learning/fuzzy-tolerance-geometry.js,false,false,geometry,false,false,false,missing_on_global,B_universal_direct,Missing on global HEAD; required for ADC/LPD/factualObservations/evidence closure after 60a0eadd,direct_port_then_wire_global_subjects_only,subject_classifier|taxonomy_e2e
b272d58285bb2cd0653f0118a3e882f497f92f8c,lib/learning/fuzzy-tolerance-hebrew.js,A,lib/learning/fuzzy-tolerance-hebrew.js,false,false,hebrew,true,false,false,ok,F_israeli_only_skip,Subject hebrew is absent from global learning product,skip,none
b272d58285bb2cd0653f0118a3e882f497f92f8c,lib/learning/fuzzy-tolerance-history.js,A,lib/learning/fuzzy-tolerance-history.js,false,false,history,false,false,false,ok,F_israeli_only_skip,Subject history is absent from global learning product,skip,none
b272d58285bb2cd0653f0118a3e882f497f92f8c,lib/learning/fuzzy-tolerance-humanities-shared.js,A,lib/learning/fuzzy-tolerance-humanities-shared.js,false,false,cross-subject,false,false,false,missing_on_global,B_universal_direct,Missing on global HEAD; required for ADC/LPD/factualObservations/evidence closure after 60a0eadd,direct_port_then_wire_global_subjects_only,subject_classifier|taxonomy_e2e
b272d58285bb2cd0653f0118a3e882f497f92f8c,lib/learning/fuzzy-tolerance-moledet.js,A,lib/learning/fuzzy-tolerance-moledet.js,false,false,moledet-geography,false,true,false,israeli_master_absent,F_israeli_only_skip,Subject moledet-geography is absent from global learning product,skip,none
b272d58285bb2cd0653f0118a3e882f497f92f8c,lib/learning/fuzzy-tolerance-muldiv.js,A,lib/learning/fuzzy-tolerance-muldiv.js,false,false,math,false,false,false,missing_on_global,B_universal_direct,Missing on global HEAD; required for ADC/LPD/factualObservations/evidence closure after 60a0eadd,direct_port_then_wire_global_subjects_only,subject_classifier|taxonomy_e2e
b272d58285bb2cd0653f0118a3e882f497f92f8c,lib/learning/fuzzy-tolerance-science.js,A,lib/learning/fuzzy-tolerance-science.js,false,false,science,false,false,false,missing_on_global,B_universal_direct,Missing on global HEAD; required for ADC/LPD/factualObservations/evidence closure after 60a0eadd,direct_port_then_wire_global_subjects_only,subject_classifier|taxonomy_e2e
b272d58285bb2cd0653f0118a3e882f497f92f8c,lib/learning/fuzzy-tolerance.js,A,lib/learning/fuzzy-tolerance.js,false,false,cross-subject,false,false,false,missing_on_global,B_universal_direct,Missing on global HEAD; required for ADC/LPD/factualObservations/evidence closure after 60a0eadd,direct_port_then_wire_global_subjects_only,subject_classifier|taxonomy_e2e
b272d58285bb2cd0653f0118a3e882f497f92f8c,lib/learning/math-classifier-params.js,A,lib/learning/math-classifier-params.js,false,false,math,false,false,false,missing_on_global,D_subject_filtered,Subject-scoped change for math; module absent on global — port filtered to active global subjects,port_subject_slice_for_active_subjects,subject_classifier|taxonomy_e2e
b272d58285bb2cd0653f0118a3e882f497f92f8c,lib/learning/mcq-option-evidence-tagging.js,M,lib/learning/mcq-option-evidence-tagging.js,true,false,cross-subject,false,false,false,ok,B_universal_direct,Default: treat as engine/report infrastructure after filters,review_diff_then_port,subject_classifier|taxonomy_e2e
b272d58285bb2cd0653f0118a3e882f497f92f8c,lib/learning/misconception-adaptive-routing.js,M,lib/learning/misconception-adaptive-routing.js,true,false,cross-subject,false,false,false,ok,B_universal_direct,Default: treat as engine/report infrastructure after filters,review_diff_then_port,smoke_lpd_edc
b272d58285bb2cd0653f0118a3e882f497f92f8c,lib/learning/parent-report-evidence-pipeline.js,M,lib/learning/parent-report-evidence-pipeline.js,true,false,cross-subject,false,false,false,ok,C_universal_with_locale_adaptation,Report/Demo/LPD surface logic is universal but copy/chrome must be English/LTR via global i18n,port_structure_map_copy_to_en_packs,subject_classifier|taxonomy_e2e
b272d58285bb2cd0653f0118a3e882f497f92f8c,lib/learning/question-engine-metadata.js,M,lib/learning/question-engine-metadata.js,true,false,cross-subject,false,false,false,ok,B_universal_direct,Default: treat as engine/report infrastructure after filters,review_diff_then_port,smoke_lpd_edc
b272d58285bb2cd0653f0118a3e882f497f92f8c,lib/learning/taxonomy-rule-primary-producers.js,M,lib/learning/taxonomy-rule-primary-producers.js,true,false,cross-subject,false,false,false,ok,B_universal_direct,Default: treat as engine/report infrastructure after filters,review_diff_then_port,subject_classifier|taxonomy_e2e
b272d58285bb2cd0653f0118a3e882f497f92f8c,lib/learning/taxonomy-tag-normalizer.js,M,lib/learning/taxonomy-tag-normalizer.js,true,false,cross-subject,false,false,false,ok,B_universal_direct,Core decision/evidence engine logic independent of locale/subject content,port_diff_carefully,subject_classifier|taxonomy_e2e
b272d58285bb2cd0653f0118a3e882f497f92f8c,lib/learning/taxonomy-tag-producer-registry.js,M,lib/learning/taxonomy-tag-producer-registry.js,true,false,cross-subject,false,false,false,ok,B_universal_direct,Core decision/evidence engine logic independent of locale/subject content,port_diff_carefully,subject_classifier|taxonomy_e2e
b272d58285bb2cd0653f0118a3e882f497f92f8c,lib/parent-server/parent-report-parent-facing.server.js,M,lib/parent-server/parent-report-parent-facing.server.js,true,false,cross-subject,false,false,true,ok,C_universal_with_locale_adaptation,Report/Demo/LPD surface logic is universal but copy/chrome must be English/LTR via global i18n,port_structure_map_copy_to_en_packs,factual_closure_en|report_parity|chrome_mapping
b272d58285bb2cd0653f0118a3e882f497f92f8c,lib/parent-server/report-data-aggregate.server.js,M,lib/parent-server/report-data-aggregate.server.js,true,false,cross-subject,false,false,false,ok,B_universal_direct,Default: treat as engine/report infrastructure after filters,review_diff_then_port,smoke_lpd_edc
b272d58285bb2cd0653f0118a3e882f497f92f8c,lib/parent-server/report-payload-public-sanitize.js,M,lib/parent-server/report-payload-public-sanitize.js,true,false,cross-subject,false,false,false,ok,B_universal_direct,Default: treat as engine/report infrastructure after filters,review_diff_then_port,smoke_lpd_edc
b272d58285bb2cd0653f0118a3e882f497f92f8c,lib/parent-ui/parent-report-approved-copy-he.js,M,lib/parent-ui/parent-report-approved-copy-he.js,true,false,cross-subject,true,false,true,ok,C_universal_with_locale_adaptation,"Hebrew parent-facing copy; global has English sibling layers (locales/en, parent-facing-error-pattern.js, burn-down packs)",port_meaning_into_english_i18n_not_hebrew_file,smoke_lpd_edc
b272d58285bb2cd0653f0118a3e882f497f92f8c,pages/api/learning/answer.js,M,pages/api/learning/answer.js,true,false,cross-subject,false,false,false,ok,B_universal_direct,Default: treat as engine/report infrastructure after filters,review_diff_then_port,smoke_lpd_edc
b272d58285bb2cd0653f0118a3e882f497f92f8c,pages/learning/english-master.js,M,pages/learning/english-master.js,true,false,english,false,false,false,ok,D_subject_filtered,Touches english engine/taxonomy/classifier; global has subject active,port_filtered_diff_for_subject,smoke_lpd_edc
b272d58285bb2cd0653f0118a3e882f497f92f8c,pages/learning/geometry-master.js,M,pages/learning/geometry-master.js,true,false,geometry,false,false,false,ok,D_subject_filtered,Touches geometry engine/taxonomy/classifier; global has subject active,port_filtered_diff_for_subject,smoke_lpd_edc
b272d58285bb2cd0653f0118a3e882f497f92f8c,pages/learning/hebrew-master.js,M,pages/learning/hebrew-master.js,false,false,hebrew,true,false,false,israeli_master_absent,F_israeli_only_skip,Subject hebrew is absent from global learning product,skip,none
b272d58285bb2cd0653f0118a3e882f497f92f8c,pages/learning/history-master.js,M,pages/learning/history-master.js,false,false,history,false,false,false,israeli_master_absent,F_israeli_only_skip,Subject history is absent from global learning product,skip,none
b272d58285bb2cd0653f0118a3e882f497f92f8c,pages/learning/math-master.js,M,pages/learning/math-master.js,true,false,math,false,false,false,ok,D_subject_filtered,Touches math engine/taxonomy/classifier; global has subject active,port_filtered_diff_for_subject,smoke_lpd_edc
b272d58285bb2cd0653f0118a3e882f497f92f8c,pages/learning/moledet-geography-master.js,M,pages/learning/moledet-geography-master.js,false,false,moledet-geography,false,true,false,israeli_master_absent,F_israeli_only_skip,Subject moledet-geography is absent from global learning product,skip,none
b272d58285bb2cd0653f0118a3e882f497f92f8c,pages/learning/science-master.js,M,pages/learning/science-master.js,true,false,science,false,false,false,ok,D_subject_filtered,Touches science engine/taxonomy/classifier; global has subject active,port_filtered_diff_for_subject,smoke_lpd_edc
b272d58285bb2cd0653f0118a3e882f497f92f8c,utils/action-decision-contract/action-decision-contract-v2.js,M,utils/action-decision-contract/action-decision-contract-v2.js,false,false,cross-subject,false,false,false,missing_on_global,B_universal_direct,Missing on global HEAD; required for ADC/LPD/factualObservations/evidence closure after 60a0eadd,direct_port_then_wire_global_subjects_only,ADC_unit|ADC_p2|runtime_consumption
b272d58285bb2cd0653f0118a3e882f497f92f8c,utils/action-decision-contract/parent-action-decision-translations-he.js,M,utils/action-decision-contract/parent-action-decision-translations-he.js,false,false,cross-subject,true,false,true,missing_on_global,C_universal_with_locale_adaptation,"Hebrew parent-facing copy; global has English sibling layers (locales/en, parent-facing-error-pattern.js, burn-down packs)",port_meaning_into_english_i18n_not_hebrew_file,ADC_unit|ADC_p2|runtime_consumption
b272d58285bb2cd0653f0118a3e882f497f92f8c,utils/contracts/parent-product-contract-v1.js,M,utils/contracts/parent-product-contract-v1.js,true,false,cross-subject,false,false,false,ok,C_universal_with_locale_adaptation,Report/Demo/LPD surface logic is universal but copy/chrome must be English/LTR via global i18n,port_structure_map_copy_to_en_packs,smoke_lpd_edc
b272d58285bb2cd0653f0118a3e882f497f92f8c,utils/detailed-parent-report.js,M,utils/detailed-parent-report.js,true,false,cross-subject,false,false,false,ok,C_universal_with_locale_adaptation,Report/Demo/LPD surface logic is universal but copy/chrome must be English/LTR via global i18n,port_structure_map_copy_to_en_packs,smoke_lpd_edc
b272d58285bb2cd0653f0118a3e882f497f92f8c,utils/detailed-report-parent-letter-he.js,M,utils/detailed-report-parent-letter-he.js,true,false,cross-subject,true,false,true,ok,C_universal_with_locale_adaptation,"Hebrew parent-facing copy; global has English sibling layers (locales/en, parent-facing-error-pattern.js, burn-down packs)",port_meaning_into_english_i18n_not_hebrew_file,smoke_lpd_edc
b272d58285bb2cd0653f0118a3e882f497f92f8c,utils/diagnostic-engine-v2/evidence-recurrence.js,M,utils/diagnostic-engine-v2/evidence-recurrence.js,true,false,cross-subject,false,false,false,ok,B_universal_direct,Core decision/evidence engine logic independent of locale/subject content,port_diff_carefully,subject_classifier|taxonomy_e2e
b272d58285bb2cd0653f0118a3e882f497f92f8c,utils/diagnostic-engine-v2/extract-event-question-kind.js,A,utils/diagnostic-engine-v2/extract-event-question-kind.js,false,false,cross-subject,false,false,false,missing_on_global,G_dependency_or_risk,Path missing on global; may require supporting modules or be Israeli residue,inspect_before_port,smoke_lpd_edc
b272d58285bb2cd0653f0118a3e882f497f92f8c,utils/diagnostic-engine-v2/pattern-evidence-gate.js,A,utils/diagnostic-engine-v2/pattern-evidence-gate.js,false,false,cross-subject,false,false,false,missing_on_global,B_universal_direct,Missing on global HEAD; required for ADC/LPD/factualObservations/evidence closure after 60a0eadd,direct_port_then_wire_global_subjects_only,subject_classifier|taxonomy_e2e
b272d58285bb2cd0653f0118a3e882f497f92f8c,utils/diagnostic-engine-v2/run-diagnostic-engine-v2.js,M,utils/diagnostic-engine-v2/run-diagnostic-engine-v2.js,true,false,cross-subject,false,false,false,ok,B_universal_direct,Default: treat as engine/report infrastructure after filters,review_diff_then_port,smoke_lpd_edc
b272d58285bb2cd0653f0118a3e882f497f92f8c,utils/diagnostic-engine-v2/taxonomy-evidence-rules.js,M,utils/diagnostic-engine-v2/taxonomy-evidence-rules.js,true,false,cross-subject,false,false,false,ok,B_universal_direct,Default: treat as engine/report infrastructure after filters,review_diff_then_port,subject_classifier|taxonomy_e2e
b272d58285bb2cd0653f0118a3e882f497f92f8c,utils/diagnostic-engine-v2/taxonomy-math-topic-coverage.js,M,utils/diagnostic-engine-v2/taxonomy-math-topic-coverage.js,false,false,math,false,false,false,missing_on_global,D_subject_filtered,Subject-scoped change for math; module absent on global — port filtered to active global subjects,port_subject_slice_for_active_subjects,subject_classifier|taxonomy_e2e
b272d58285bb2cd0653f0118a3e882f497f92f8c,utils/diagnostic-engine-v2/taxonomy-math.js,M,utils/diagnostic-engine-v2/taxonomy-math.js,true,false,math,false,false,false,ok,D_subject_filtered,Touches math engine/taxonomy/classifier; global has subject active,port_filtered_diff_for_subject,subject_classifier|taxonomy_e2e
b272d58285bb2cd0653f0118a3e882f497f92f8c,utils/diagnostic-engine-v2/topic-taxonomy-bridge.js,M,utils/diagnostic-engine-v2/topic-taxonomy-bridge.js,true,false,cross-subject,false,false,false,ok,B_universal_direct,Default: treat as engine/report infrastructure after filters,review_diff_then_port,subject_classifier|taxonomy_e2e
b272d58285bb2cd0653f0118a3e882f497f92f8c,utils/diagnostic-evidence.js,M,utils/diagnostic-evidence.js,true,false,cross-subject,false,false,false,ok,B_universal_direct,Core decision/evidence engine logic independent of locale/subject content,port_diff_carefully,subject_classifier|taxonomy_e2e
b272d58285bb2cd0653f0118a3e882f497f92f8c,utils/math-question-generator.js,M,utils/math-question-generator.js,true,false,math,false,false,false,ok,D_subject_filtered,Touches math engine/taxonomy/classifier; global has subject active,port_filtered_diff_for_subject,smoke_lpd_edc
b272d58285bb2cd0653f0118a3e882f497f92f8c,utils/math-student-answer-mode.js,A,utils/math-student-answer-mode.js,false,false,math,false,false,false,missing_on_global,D_subject_filtered,Subject-scoped change for math; module absent on global — port filtered to active global subjects,port_subject_slice_for_active_subjects,smoke_lpd_edc
313ad8359eb7b7c5124c43b91ca6ca97d03b0ab9,utils/learning-pattern-decision/build-learning-pattern-decision.js,M,utils/learning-pattern-decision/build-learning-pattern-decision.js,true,false,cross-subject,false,false,false,ok,B_universal_direct,Default: treat as engine/report infrastructure after filters,review_diff_then_port,smoke_lpd_edc
313ad8359eb7b7c5124c43b91ca6ca97d03b0ab9,utils/learning-pattern-decision/build-parent-report-engine-decision-contract.js,M,utils/learning-pattern-decision/build-parent-report-engine-decision-contract.js,true,false,cross-subject,false,false,false,ok,C_universal_with_locale_adaptation,Report/Demo/LPD surface logic is universal but copy/chrome must be English/LTR via global i18n,port_structure_map_copy_to_en_packs,smoke_lpd_edc
313ad8359eb7b7c5124c43b91ca6ca97d03b0ab9,utils/learning-pattern-decision/build-parent-visible-finding.js,M,utils/learning-pattern-decision/build-parent-visible-finding.js,true,false,cross-subject,false,false,false,ok,B_universal_direct,Default: treat as engine/report infrastructure after filters,review_diff_then_port,smoke_lpd_edc
313ad8359eb7b7c5124c43b91ca6ca97d03b0ab9,utils/learning-pattern-decision/index.js,M,utils/learning-pattern-decision/index.js,true,false,cross-subject,false,false,false,ok,B_universal_direct,Default: treat as engine/report infrastructure after filters,review_diff_then_port,smoke_lpd_edc
313ad8359eb7b7c5124c43b91ca6ca97d03b0ab9,utils/learning-pattern-decision/lpd-parent-facing-copy.js,M,utils/learning-pattern-decision/lpd-parent-facing-copy.js,true,false,cross-subject,false,false,true,ok,C_universal_with_locale_adaptation,Report/Demo/LPD surface logic is universal but copy/chrome must be English/LTR via global i18n,port_structure_map_copy_to_en_packs,factual_closure_en|report_parity|chrome_mapping
313ad8359eb7b7c5124c43b91ca6ca97d03b0ab9,utils/learning-pattern-decision/parent-pattern-label.js,M,utils/learning-pattern-decision/parent-pattern-label.js,true,false,cross-subject,false,false,true,ok,C_universal_with_locale_adaptation,Report/Demo/LPD surface logic is universal but copy/chrome must be English/LTR via global i18n,port_structure_map_copy_to_en_packs,smoke_lpd_edc
313ad8359eb7b7c5124c43b91ca6ca97d03b0ab9,utils/parent-report-engine-insights-he.js,M,utils/parent-report-engine-insights-he.js,true,false,cross-subject,true,false,true,ok,C_universal_with_locale_adaptation,"Hebrew parent-facing copy; global has English sibling layers (locales/en, parent-facing-error-pattern.js, burn-down packs)",port_meaning_into_english_i18n_not_hebrew_file,smoke_lpd_edc
d26669ae379b201fdcc7eca0f44deef2e29d60df,utils/learning-pattern-decision/build-parent-visible-finding.js,M,utils/learning-pattern-decision/build-parent-visible-finding.js,true,false,cross-subject,false,false,false,ok,B_universal_direct,Default: treat as engine/report infrastructure after filters,review_diff_then_port,smoke_lpd_edc
d0b64032d6b747edd18f2a27fe9901b46da99cb7,utils/detailed-parent-report.js,M,utils/detailed-parent-report.js,true,false,cross-subject,false,false,false,ok,C_universal_with_locale_adaptation,Report/Demo/LPD surface logic is universal but copy/chrome must be English/LTR via global i18n,port_structure_map_copy_to_en_packs,smoke_lpd_edc
6bafc6225bf50fc47363db51e1476e4416515814,utils/learning-pattern-decision/lpd-parent-facing-copy.js,M,utils/learning-pattern-decision/lpd-parent-facing-copy.js,true,false,cross-subject,false,false,true,ok,C_universal_with_locale_adaptation,Report/Demo/LPD surface logic is universal but copy/chrome must be English/LTR via global i18n,port_structure_map_copy_to_en_packs,factual_closure_en|report_parity|chrome_mapping
01f3235cec58fcc700cce36f81e24714a5258b8e,lib/learning/fixtures/taxonomy-real-runtime-fixtures.js,M,lib/learning/fixtures/taxonomy-real-runtime-fixtures.js,true,false,cross-subject,false,false,false,ok,B_universal_direct,Default: treat as engine/report infrastructure after filters,review_diff_then_port,subject_classifier|taxonomy_e2e
01f3235cec58fcc700cce36f81e24714a5258b8e,lib/learning/p3b-real-topic-proof-registry.js,M,lib/learning/p3b-real-topic-proof-registry.js,false,false,cross-subject,false,false,false,missing_on_global,G_dependency_or_risk,Path missing on global; may require supporting modules or be Israeli residue,inspect_before_port,smoke_lpd_edc
01f3235cec58fcc700cce36f81e24714a5258b8e,lib/learning/p3b-topic-closure-producers.js,M,lib/learning/p3b-topic-closure-producers.js,false,false,cross-subject,false,false,false,missing_on_global,G_dependency_or_risk,Path missing on global; may require supporting modules or be Israeli residue,inspect_before_port,smoke_lpd_edc
01f3235cec58fcc700cce36f81e24714a5258b8e,lib/learning/taxonomy-rule-runtime-matrix.js,M,lib/learning/taxonomy-rule-runtime-matrix.js,true,false,cross-subject,false,false,false,ok,B_universal_direct,Default: treat as engine/report infrastructure after filters,review_diff_then_port,subject_classifier|taxonomy_e2e
01f3235cec58fcc700cce36f81e24714a5258b8e,tests/learning/english-diagnostic-eval.test.mjs,A,tests/learning/english-diagnostic-eval.test.mjs,false,false,english,false,false,false,missing_on_global,D_subject_filtered,Subject-scoped change for english; module absent on global — port filtered to active global subjects,port_subject_slice_for_active_subjects,smoke_lpd_edc
01f3235cec58fcc700cce36f81e24714a5258b8e,tests/learning/geometry-diagnostic-eval.test.mjs,A,tests/learning/geometry-diagnostic-eval.test.mjs,false,false,geometry,false,false,false,missing_on_global,D_subject_filtered,Subject-scoped change for geometry; module absent on global — port filtered to active global subjects,port_subject_slice_for_active_subjects,smoke_lpd_edc
01f3235cec58fcc700cce36f81e24714a5258b8e,tests/learning/hebrew-diagnostic-eval.test.mjs,A,tests/learning/hebrew-diagnostic-eval.test.mjs,false,false,hebrew,true,false,false,ok,F_israeli_only_skip,Subject hebrew is absent from global learning product,skip,none
01f3235cec58fcc700cce36f81e24714a5258b8e,tests/learning/history-diagnostic-eval.test.mjs,A,tests/learning/history-diagnostic-eval.test.mjs,false,false,history,false,false,false,ok,F_israeli_only_skip,Subject history is absent from global learning product,skip,none
01f3235cec58fcc700cce36f81e24714a5258b8e,tests/learning/moledet-diagnostic-eval.test.mjs,A,tests/learning/moledet-diagnostic-eval.test.mjs,false,false,moledet-geography,false,true,false,israeli_master_absent,F_israeli_only_skip,Subject moledet-geography is absent from global learning product,skip,none
01f3235cec58fcc700cce36f81e24714a5258b8e,tests/learning/producer-authority-p3b.test.mjs,M,tests/learning/producer-authority-p3b.test.mjs,false,false,cross-subject,false,false,false,missing_on_global,B_universal_direct,Regression coverage for engine/report/demo; adapt imports/subjects if needed,port_tests_filter_subjects,smoke_lpd_edc
01f3235cec58fcc700cce36f81e24714a5258b8e,tests/learning/science-diagnostic-eval.test.mjs,A,tests/learning/science-diagnostic-eval.test.mjs,false,false,science,false,false,false,missing_on_global,D_subject_filtered,Subject-scoped change for science; module absent on global — port filtered to active global subjects,port_subject_slice_for_active_subjects,smoke_lpd_edc
01f3235cec58fcc700cce36f81e24714a5258b8e,tests/learning/taxonomy-rule-falsification-matrix.test.mjs,M,tests/learning/taxonomy-rule-falsification-matrix.test.mjs,true,false,cross-subject,false,false,false,ok,B_universal_direct,Regression coverage for engine/report/demo; adapt imports/subjects if needed,port_tests_filter_subjects,subject_classifier|taxonomy_e2e
01f3235cec58fcc700cce36f81e24714a5258b8e,tests/learning/taxonomy-rule-real-runtime-e2e.test.mjs,M,tests/learning/taxonomy-rule-real-runtime-e2e.test.mjs,true,false,cross-subject,false,false,false,ok,B_universal_direct,Regression coverage for engine/report/demo; adapt imports/subjects if needed,port_tests_filter_subjects,subject_classifier|taxonomy_e2e
01f3235cec58fcc700cce36f81e24714a5258b8e,tests/learning/taxonomy-rule-synthetic-pipeline.test.mjs,M,tests/learning/taxonomy-rule-synthetic-pipeline.test.mjs,true,false,cross-subject,false,false,false,ok,B_universal_direct,Regression coverage for engine/report/demo; adapt imports/subjects if needed,port_tests_filter_subjects,subject_classifier|taxonomy_e2e
503ca523c1324f91480dcced8a215a4fa629240c,lib/learning/fixtures/taxonomy-real-runtime-fixtures.js,M,lib/learning/fixtures/taxonomy-real-runtime-fixtures.js,true,false,cross-subject,false,false,false,ok,B_universal_direct,Default: treat as engine/report infrastructure after filters,review_diff_then_port,subject_classifier|taxonomy_e2e
21cf310f65232f381dfc575538428e88d810b5e2,lib/learning/parent-report-evidence-pipeline.js,M,lib/learning/parent-report-evidence-pipeline.js,true,false,cross-subject,false,false,false,ok,C_universal_with_locale_adaptation,Report/Demo/LPD surface logic is universal but copy/chrome must be English/LTR via global i18n,port_structure_map_copy_to_en_packs,subject_classifier|taxonomy_e2e
21cf310f65232f381dfc575538428e88d810b5e2,lib/parent-ui/parent-report-approved-copy-he.js,M,lib/parent-ui/parent-report-approved-copy-he.js,true,false,cross-subject,true,false,true,ok,C_universal_with_locale_adaptation,"Hebrew parent-facing copy; global has English sibling layers (locales/en, parent-facing-error-pattern.js, burn-down packs)",port_meaning_into_english_i18n_not_hebrew_file,smoke_lpd_edc
21cf310f65232f381dfc575538428e88d810b5e2,tests/learning-pattern-decision/pattern-visibility-foundation.test.mjs,M,tests/learning-pattern-decision/pattern-visibility-foundation.test.mjs,true,false,cross-subject,false,false,false,ok,B_universal_direct,Regression coverage for engine/report/demo; adapt imports/subjects if needed,port_tests_filter_subjects,smoke_lpd_edc
21cf310f65232f381dfc575538428e88d810b5e2,tests/learning/parent-report-engine-decision-contract.test.mjs,M,tests/learning/parent-report-engine-decision-contract.test.mjs,true,false,cross-subject,false,false,false,ok,C_universal_with_locale_adaptation,Report/Demo/LPD surface logic is universal but copy/chrome must be English/LTR via global i18n,port_structure_map_copy_to_en_packs,smoke_lpd_edc
21cf310f65232f381dfc575538428e88d810b5e2,utils/action-decision-contract/action-decision-contract-v2.js,M,utils/action-decision-contract/action-decision-contract-v2.js,false,false,cross-subject,false,false,false,missing_on_global,B_universal_direct,Missing on global HEAD; required for ADC/LPD/factualObservations/evidence closure after 60a0eadd,direct_port_then_wire_global_subjects_only,ADC_unit|ADC_p2|runtime_consumption
21cf310f65232f381dfc575538428e88d810b5e2,utils/action-decision-contract/parent-action-decision-translations-he.js,M,utils/action-decision-contract/parent-action-decision-translations-he.js,false,false,cross-subject,true,false,true,missing_on_global,C_universal_with_locale_adaptation,"Hebrew parent-facing copy; global has English sibling layers (locales/en, parent-facing-error-pattern.js, burn-down packs)",port_meaning_into_english_i18n_not_hebrew_file,ADC_unit|ADC_p2|runtime_consumption
21cf310f65232f381dfc575538428e88d810b5e2,utils/contracts/parent-product-contract-v1.js,M,utils/contracts/parent-product-contract-v1.js,true,false,cross-subject,false,false,false,ok,C_universal_with_locale_adaptation,Report/Demo/LPD surface logic is universal but copy/chrome must be English/LTR via global i18n,port_structure_map_copy_to_en_packs,smoke_lpd_edc
21cf310f65232f381dfc575538428e88d810b5e2,utils/diagnostic-engine-v2/taxonomy-english.js,M,utils/diagnostic-engine-v2/taxonomy-english.js,true,false,english,false,false,false,ok,D_subject_filtered,Touches english engine/taxonomy/classifier; global has subject active,port_filtered_diff_for_subject,subject_classifier|taxonomy_e2e
21cf310f65232f381dfc575538428e88d810b5e2,utils/diagnostic-engine-v2/taxonomy-geometry.js,M,utils/diagnostic-engine-v2/taxonomy-geometry.js,true,false,geometry,false,false,false,ok,D_subject_filtered,Touches geometry engine/taxonomy/classifier; global has subject active,port_filtered_diff_for_subject,subject_classifier|taxonomy_e2e
21cf310f65232f381dfc575538428e88d810b5e2,utils/diagnostic-engine-v2/taxonomy-hebrew.js,M,utils/diagnostic-engine-v2/taxonomy-hebrew.js,false,false,hebrew,true,false,false,ok,F_israeli_only_skip,Subject hebrew is absent from global learning product,skip,none
21cf310f65232f381dfc575538428e88d810b5e2,utils/diagnostic-engine-v2/taxonomy-history.js,M,utils/diagnostic-engine-v2/taxonomy-history.js,false,false,history,false,false,false,ok,F_israeli_only_skip,Subject history is absent from global learning product,skip,none
21cf310f65232f381dfc575538428e88d810b5e2,utils/diagnostic-engine-v2/taxonomy-math-topic-coverage.js,M,utils/diagnostic-engine-v2/taxonomy-math-topic-coverage.js,false,false,math,false,false,false,missing_on_global,D_subject_filtered,Subject-scoped change for math; module absent on global — port filtered to active global subjects,port_subject_slice_for_active_subjects,subject_classifier|taxonomy_e2e
21cf310f65232f381dfc575538428e88d810b5e2,utils/diagnostic-engine-v2/taxonomy-math.js,M,utils/diagnostic-engine-v2/taxonomy-math.js,true,false,math,false,false,false,ok,D_subject_filtered,Touches math engine/taxonomy/classifier; global has subject active,port_filtered_diff_for_subject,subject_classifier|taxonomy_e2e
21cf310f65232f381dfc575538428e88d810b5e2,utils/diagnostic-engine-v2/taxonomy-moledet.js,M,utils/diagnostic-engine-v2/taxonomy-moledet.js,false,false,moledet-geography,false,true,false,israeli_master_absent,F_israeli_only_skip,Subject moledet-geography is absent from global learning product,skip,none
21cf310f65232f381dfc575538428e88d810b5e2,utils/diagnostic-engine-v2/taxonomy-science.js,M,utils/diagnostic-engine-v2/taxonomy-science.js,true,false,science,false,false,false,ok,D_subject_filtered,Touches science engine/taxonomy/classifier; global has subject active,port_filtered_diff_for_subject,subject_classifier|taxonomy_e2e
21cf310f65232f381dfc575538428e88d810b5e2,utils/learning-pattern-decision/build-parent-report-engine-decision-contract.js,M,utils/learning-pattern-decision/build-parent-report-engine-decision-contract.js,true,false,cross-subject,false,false,false,ok,C_universal_with_locale_adaptation,Report/Demo/LPD surface logic is universal but copy/chrome must be English/LTR via global i18n,port_structure_map_copy_to_en_packs,smoke_lpd_edc
21cf310f65232f381dfc575538428e88d810b5e2,utils/learning-pattern-decision/build-parent-visible-finding.js,M,utils/learning-pattern-decision/build-parent-visible-finding.js,true,false,cross-subject,false,false,false,ok,B_universal_direct,Default: treat as engine/report infrastructure after filters,review_diff_then_port,smoke_lpd_edc
21cf310f65232f381dfc575538428e88d810b5e2,utils/learning-pattern-decision/lpd-parent-facing-copy.js,M,utils/learning-pattern-decision/lpd-parent-facing-copy.js,true,false,cross-subject,false,false,true,ok,C_universal_with_locale_adaptation,Report/Demo/LPD surface logic is universal but copy/chrome must be English/LTR via global i18n,port_structure_map_copy_to_en_packs,factual_closure_en|report_parity|chrome_mapping
21cf310f65232f381dfc575538428e88d810b5e2,utils/learning-pattern-decision/parent-pattern-label.js,M,utils/learning-pattern-decision/parent-pattern-label.js,true,false,cross-subject,false,false,true,ok,C_universal_with_locale_adaptation,Report/Demo/LPD surface logic is universal but copy/chrome must be English/LTR via global i18n,port_structure_map_copy_to_en_packs,smoke_lpd_edc
21cf310f65232f381dfc575538428e88d810b5e2,utils/parent-report-engine-insights-he.js,M,utils/parent-report-engine-insights-he.js,true,false,cross-subject,true,false,true,ok,C_universal_with_locale_adaptation,"Hebrew parent-facing copy; global has English sibling layers (locales/en, parent-facing-error-pattern.js, burn-down packs)",port_meaning_into_english_i18n_not_hebrew_file,smoke_lpd_edc
21cf310f65232f381dfc575538428e88d810b5e2,utils/parent-report-intervention-plan.js,M,utils/parent-report-intervention-plan.js,true,false,cross-subject,false,false,false,ok,C_universal_with_locale_adaptation,Report/Demo/LPD surface logic is universal but copy/chrome must be English/LTR via global i18n,port_structure_map_copy_to_en_packs,smoke_lpd_edc
21cf310f65232f381dfc575538428e88d810b5e2,utils/parent-report-language/engine-decision-parent-copy-he.js,M,utils/parent-report-language/engine-decision-parent-copy-he.js,true,false,cross-subject,true,false,true,ok,C_universal_with_locale_adaptation,"Hebrew parent-facing copy; global has English sibling layers (locales/en, parent-facing-error-pattern.js, burn-down packs)",port_meaning_into_english_i18n_not_hebrew_file,smoke_lpd_edc
21cf310f65232f381dfc575538428e88d810b5e2,utils/parent-report-language/parent-diagnostic-explanations-he.js,M,utils/parent-report-language/parent-diagnostic-explanations-he.js,true,false,cross-subject,true,false,false,ok,C_universal_with_locale_adaptation,"Hebrew parent-facing copy; global has English sibling layers (locales/en, parent-facing-error-pattern.js, burn-down packs)",port_meaning_into_english_i18n_not_hebrew_file,smoke_lpd_edc
21cf310f65232f381dfc575538428e88d810b5e2,utils/parent-report-language/parent-facing-pattern-label-he.js,M,utils/parent-report-language/parent-facing-pattern-label-he.js,true,false,cross-subject,true,false,true,ok,C_universal_with_locale_adaptation,"Hebrew parent-facing copy; global has English sibling layers (locales/en, parent-facing-error-pattern.js, burn-down packs)",port_meaning_into_english_i18n_not_hebrew_file,factual_closure_en|report_parity|chrome_mapping
21cf310f65232f381dfc575538428e88d810b5e2,utils/parent-report-language/parent-report-hebrew-copy-spec.js,M,utils/parent-report-language/parent-report-hebrew-copy-spec.js,true,false,hebrew,true,false,true,ok,F_israeli_only_skip,Subject hebrew is absent from global learning product,skip,none
21cf310f65232f381dfc575538428e88d810b5e2,utils/parent-report-language/parent-report-owner-copy-templates-he.js,M,utils/parent-report-language/parent-report-owner-copy-templates-he.js,true,false,cross-subject,true,false,true,ok,C_universal_with_locale_adaptation,"Hebrew parent-facing copy; global has English sibling layers (locales/en, parent-facing-error-pattern.js, burn-down packs)",port_meaning_into_english_i18n_not_hebrew_file,smoke_lpd_edc
21cf310f65232f381dfc575538428e88d810b5e2,utils/parent-report-language/parent-report-owner-topic-copy-templates-he.js,M,utils/parent-report-language/parent-report-owner-topic-copy-templates-he.js,true,false,cross-subject,true,false,true,ok,C_universal_with_locale_adaptation,"Hebrew parent-facing copy; global has English sibling layers (locales/en, parent-facing-error-pattern.js, burn-down packs)",port_meaning_into_english_i18n_not_hebrew_file,smoke_lpd_edc
21cf310f65232f381dfc575538428e88d810b5e2,utils/parent-report-ui-explain-he.js,M,utils/parent-report-ui-explain-he.js,true,false,cross-subject,true,false,true,ok,C_universal_with_locale_adaptation,"Hebrew parent-facing copy; global has English sibling layers (locales/en, parent-facing-error-pattern.js, burn-down packs)",port_meaning_into_english_i18n_not_hebrew_file,smoke_lpd_edc
7268471219776f85e175c7fcd848c2b7588d8c7d,lib/demo/parent-demo-data/daily-generator.js,M,lib/demo/parent-demo-data/daily-generator.js,true,false,cross-subject,false,false,false,ok,C_universal_with_locale_adaptation,Report/Demo/LPD surface logic is universal but copy/chrome must be English/LTR via global i18n,port_structure_map_copy_to_en_packs,demo_parity
7268471219776f85e175c7fcd848c2b7588d8c7d,lib/demo/parent-demo-data/demo-ari-initial-data-topic.server.js,A,lib/demo/parent-demo-data/demo-ari-initial-data-topic.server.js,false,false,cross-subject,false,false,false,missing_on_global,C_universal_with_locale_adaptation,Report/Demo/LPD surface logic is universal but copy/chrome must be English/LTR via global i18n,port_structure_map_copy_to_en_packs,demo_parity
7268471219776f85e175c7fcd848c2b7588d8c7d,lib/demo/parent-demo-data/demo-diagnostic-evidence.server.js,M,lib/demo/parent-demo-data/demo-diagnostic-evidence.server.js,true,false,cross-subject,false,false,false,ok,C_universal_with_locale_adaptation,Report/Demo/LPD surface logic is universal but copy/chrome must be English/LTR via global i18n,port_structure_map_copy_to_en_packs,demo_parity|subject_classifier|taxonomy_e2e
7268471219776f85e175c7fcd848c2b7588d8c7d,lib/demo/parent-demo-data/report-payload-builder.server.js,M,lib/demo/parent-demo-data/report-payload-builder.server.js,true,false,cross-subject,false,false,true,ok,C_universal_with_locale_adaptation,Report/Demo/LPD surface logic is universal but copy/chrome must be English/LTR via global i18n,port_structure_map_copy_to_en_packs,demo_parity
7268471219776f85e175c7fcd848c2b7588d8c7d,lib/parent-server/parent-facing-report-authority.js,M,lib/parent-server/parent-facing-report-authority.js,true,false,cross-subject,false,false,true,ok,C_universal_with_locale_adaptation,Report/Demo/LPD surface logic is universal but copy/chrome must be English/LTR via global i18n,port_structure_map_copy_to_en_packs,factual_closure_en|report_parity|chrome_mapping
7268471219776f85e175c7fcd848c2b7588d8c7d,lib/parent-server/rebuild-parent-report-from-aggregate.server.js,A,lib/parent-server/rebuild-parent-report-from-aggregate.server.js,false,false,cross-subject,false,false,false,missing_on_global,B_universal_direct,Missing on global HEAD; required for ADC/LPD/factualObservations/evidence closure after 60a0eadd,direct_port_then_wire_global_subjects_only,smoke_lpd_edc
7268471219776f85e175c7fcd848c2b7588d8c7d,tests/demo/parent-demo-report-parity.test.mjs,A,tests/demo/parent-demo-report-parity.test.mjs,false,false,cross-subject,false,false,true,missing_on_global,C_universal_with_locale_adaptation,Report/Demo/LPD surface logic is universal but copy/chrome must be English/LTR via global i18n,port_structure_map_copy_to_en_packs,demo_parity
7268471219776f85e175c7fcd848c2b7588d8c7d,utils/parent-report-recommendation-consistency.js,M,utils/parent-report-recommendation-consistency.js,true,false,cross-subject,false,false,false,ok,C_universal_with_locale_adaptation,Report/Demo/LPD surface logic is universal but copy/chrome must be English/LTR via global i18n,port_structure_map_copy_to_en_packs,smoke_lpd_edc
7268471219776f85e175c7fcd848c2b7588d8c7d,utils/parent-report-surface/parent-surface-label-guard.js,M,utils/parent-report-surface/parent-surface-label-guard.js,true,false,cross-subject,false,false,true,ok,C_universal_with_locale_adaptation,Report/Demo/LPD surface logic is universal but copy/chrome must be English/LTR via global i18n,port_structure_map_copy_to_en_packs,smoke_lpd_edc
45d5d80463589f1d19c67f8f30747d96972e2efa,lib/learning-supabase/israel-calendar.server.js,M,lib/learning-supabase/israel-calendar.server.js,true,false,cross-subject,false,true,false,ok,F_israeli_only_skip,Israel/Hebrew-specific path excluded by globalization policy,skip,none
45d5d80463589f1d19c67f8f30747d96972e2efa,lib/learning-supabase/parent-report-activity-time.js,M,lib/learning-supabase/parent-report-activity-time.js,true,false,cross-subject,false,false,false,ok,E_global_reimplementation,"Israel timezone/date bounds; global demo already uses UTC — need product timezone policy, not Asia/Jerusalem copy",design_global_date_boundary_fix_without_israel_calendar,global_date_policy
45d5d80463589f1d19c67f8f30747d96972e2efa,lib/parent-server/report-data-aggregate.server.js,M,lib/parent-server/report-data-aggregate.server.js,true,false,cross-subject,false,false,false,ok,B_universal_direct,Default: treat as engine/report infrastructure after filters,review_diff_then_port,smoke_lpd_edc
45d5d80463589f1d19c67f8f30747d96972e2efa,tests/learning/parent-report-israel-date-range.test.mjs,A,tests/learning/parent-report-israel-date-range.test.mjs,false,false,cross-subject,false,true,false,ok,F_israeli_only_skip,Israel/Hebrew-specific path excluded by globalization policy,skip,none
45d5d80463589f1d19c67f8f30747d96972e2efa,tests/learning/secondary-observed-parent-finding-copy.test.mjs,A,tests/learning/secondary-observed-parent-finding-copy.test.mjs,false,false,cross-subject,false,false,true,missing_on_global,C_universal_with_locale_adaptation,Report/Demo/LPD surface logic is universal but copy/chrome must be English/LTR via global i18n,port_structure_map_copy_to_en_packs,smoke_lpd_edc
45d5d80463589f1d19c67f8f30747d96972e2efa,utils/learning-pattern-decision/build-parent-report-engine-decision-contract.js,M,utils/learning-pattern-decision/build-parent-report-engine-decision-contract.js,true,false,cross-subject,false,false,false,ok,C_universal_with_locale_adaptation,Report/Demo/LPD surface logic is universal but copy/chrome must be English/LTR via global i18n,port_structure_map_copy_to_en_packs,smoke_lpd_edc
3b9a89a6dad7fcf6764237df39898a68e7113c56,components/parent-report-short-contract-preview.jsx,M,components/parent-report-short-contract-preview.jsx,true,false,cross-subject,false,false,false,ok,C_universal_with_locale_adaptation,Report/Demo/LPD surface logic is universal but copy/chrome must be English/LTR via global i18n,port_structure_map_copy_to_en_packs,smoke_lpd_edc
3b9a89a6dad7fcf6764237df39898a68e7113c56,docs/audits/PARENT-ENGINE-AUDIT-COMPLETION.md,A,docs/audits/PARENT-ENGINE-AUDIT-COMPLETION.md,false,false,cross-subject,false,false,false,ok,F_israeli_only_skip,Israeli audit artifacts reflecting IL dossiers/labels; regenerate global audits after port,skip_regenerate_global_audits_later,none
3b9a89a6dad7fcf6764237df39898a68e7113c56,docs/audits/PARENT-ENGINE-FACTUAL-CLOSURE-RETURN.md,A,docs/audits/PARENT-ENGINE-FACTUAL-CLOSURE-RETURN.md,false,false,cross-subject,false,false,false,ok,F_israeli_only_skip,Israeli audit artifacts reflecting IL dossiers/labels; regenerate global audits after port,skip_regenerate_global_audits_later,none
3b9a89a6dad7fcf6764237df39898a68e7113c56,docs/audits/PARENT-ENGINE-FINAL-CLOSURE-VERIFICATION.md,A,docs/audits/PARENT-ENGINE-FINAL-CLOSURE-VERIFICATION.md,false,false,cross-subject,false,false,false,ok,F_israeli_only_skip,Israeli audit artifacts reflecting IL dossiers/labels; regenerate global audits after port,skip_regenerate_global_audits_later,none
3b9a89a6dad7fcf6764237df39898a68e7113c56,docs/audits/PARENT-ENGINE-FINAL-RULES-AUDIT.md,A,docs/audits/PARENT-ENGINE-FINAL-RULES-AUDIT.md,false,false,cross-subject,false,false,false,ok,F_israeli_only_skip,Israeli audit artifacts reflecting IL dossiers/labels; regenerate global audits after port,skip_regenerate_global_audits_later,none
3b9a89a6dad7fcf6764237df39898a68e7113c56,docs/audits/parent-engine-93-factual-labels-map.csv,A,docs/audits/parent-engine-93-factual-labels-map.csv,false,false,cross-subject,false,false,true,ok,F_israeli_only_skip,Israeli audit artifacts reflecting IL dossiers/labels; regenerate global audits after port,skip_regenerate_global_audits_later,none
3b9a89a6dad7fcf6764237df39898a68e7113c56,docs/audits/parent-engine-active-tag-path-audit.csv,A,docs/audits/parent-engine-active-tag-path-audit.csv,false,false,cross-subject,false,false,false,ok,F_israeli_only_skip,Israeli audit artifacts reflecting IL dossiers/labels; regenerate global audits after port,skip_regenerate_global_audits_later,none
3b9a89a6dad7fcf6764237df39898a68e7113c56,docs/audits/parent-engine-audit-completion.json,A,docs/audits/parent-engine-audit-completion.json,false,false,cross-subject,false,false,false,ok,F_israeli_only_skip,Israeli audit artifacts reflecting IL dossiers/labels; regenerate global audits after port,skip_regenerate_global_audits_later,none
3b9a89a6dad7fcf6764237df39898a68e7113c56,docs/audits/parent-engine-dossier-engine-adc-diffs.csv,A,docs/audits/parent-engine-dossier-engine-adc-diffs.csv,false,false,cross-subject,false,false,false,ok,F_israeli_only_skip,Israeli audit artifacts reflecting IL dossiers/labels; regenerate global audits after port,skip_regenerate_global_audits_later,none
3b9a89a6dad7fcf6764237df39898a68e7113c56,docs/audits/parent-engine-factual-closure-report.json,A,docs/audits/parent-engine-factual-closure-report.json,false,false,cross-subject,false,false,false,ok,F_israeli_only_skip,Israeli audit artifacts reflecting IL dossiers/labels; regenerate global audits after port,skip_regenerate_global_audits_later,none
3b9a89a6dad7fcf6764237df39898a68e7113c56,docs/audits/parent-engine-final-closure-test-results.json,A,docs/audits/parent-engine-final-closure-test-results.json,false,false,cross-subject,false,false,false,ok,F_israeli_only_skip,Israeli audit artifacts reflecting IL dossiers/labels; regenerate global audits after port,skip_regenerate_global_audits_later,none
3b9a89a6dad7fcf6764237df39898a68e7113c56,docs/audits/parent-engine-final-closure-verification.json,A,docs/audits/parent-engine-final-closure-verification.json,false,false,cross-subject,false,false,false,ok,F_israeli_only_skip,Israeli audit artifacts reflecting IL dossiers/labels; regenerate global audits after port,skip_regenerate_global_audits_later,none
3b9a89a6dad7fcf6764237df39898a68e7113c56,docs/audits/parent-engine-final-rules-audit.json,A,docs/audits/parent-engine-final-rules-audit.json,false,false,cross-subject,false,false,false,ok,F_israeli_only_skip,Israeli audit artifacts reflecting IL dossiers/labels; regenerate global audits after port,skip_regenerate_global_audits_later,none
3b9a89a6dad7fcf6764237df39898a68e7113c56,docs/audits/parent-engine-final-rules-matrix.csv,A,docs/audits/parent-engine-final-rules-matrix.csv,false,false,cross-subject,false,false,false,ok,F_israeli_only_skip,Israeli audit artifacts reflecting IL dossiers/labels; regenerate global audits after port,skip_regenerate_global_audits_later,none
3b9a89a6dad7fcf6764237df39898a68e7113c56,docs/audits/parent-engine-report-surface-parity.csv,A,docs/audits/parent-engine-report-surface-parity.csv,false,false,cross-subject,false,false,true,ok,F_israeli_only_skip,Israeli audit artifacts reflecting IL dossiers/labels; regenerate global audits after port,skip_regenerate_global_audits_later,none
3b9a89a6dad7fcf6764237df39898a68e7113c56,docs/audits/parent-engine-tags-coverage.csv,A,docs/audits/parent-engine-tags-coverage.csv,false,false,cross-subject,false,false,false,ok,F_israeli_only_skip,Israeli audit artifacts reflecting IL dossiers/labels; regenerate global audits after port,skip_regenerate_global_audits_later,none
3b9a89a6dad7fcf6764237df39898a68e7113c56,docs/audits/parent-engine-threshold-visibility-matrix.csv,A,docs/audits/parent-engine-threshold-visibility-matrix.csv,false,false,cross-subject,false,false,false,ok,F_israeli_only_skip,Israeli audit artifacts reflecting IL dossiers/labels; regenerate global audits after port,skip_regenerate_global_audits_later,none
3b9a89a6dad7fcf6764237df39898a68e7113c56,docs/audits/parent-safe-label-quality-audit.csv,A,docs/audits/parent-safe-label-quality-audit.csv,false,false,cross-subject,false,false,true,ok,F_israeli_only_skip,Israeli audit artifacts reflecting IL dossiers/labels; regenerate global audits after port,skip_regenerate_global_audits_later,none
3b9a89a6dad7fcf6764237df39898a68e7113c56,lib/parent-ui/parent-report-site-bright-theme.css.js,M,lib/parent-ui/parent-report-site-bright-theme.css.js,true,false,cross-subject,false,false,true,ok,C_universal_with_locale_adaptation,Report/Demo/LPD surface logic is universal but copy/chrome must be English/LTR via global i18n,port_structure_map_copy_to_en_packs,smoke_lpd_edc
3b9a89a6dad7fcf6764237df39898a68e7113c56,pages/learning/parent-report-detailed.js,M,pages/learning/parent-report-detailed.js,true,false,cross-subject,false,false,false,ok,C_universal_with_locale_adaptation,Report/Demo/LPD surface logic is universal but copy/chrome must be English/LTR via global i18n,port_structure_map_copy_to_en_packs,smoke_lpd_edc
3b9a89a6dad7fcf6764237df39898a68e7113c56,pages/learning/parent-report-detailed.renderable.jsx,M,pages/learning/parent-report-detailed.renderable.jsx,true,false,cross-subject,false,false,false,ok,C_universal_with_locale_adaptation,Report/Demo/LPD surface logic is universal but copy/chrome must be English/LTR via global i18n,port_structure_map_copy_to_en_packs,smoke_lpd_edc
3b9a89a6dad7fcf6764237df39898a68e7113c56,pages/learning/parent-report.js,M,pages/learning/parent-report.js,true,false,cross-subject,false,false,false,ok,C_universal_with_locale_adaptation,Report/Demo/LPD surface logic is universal but copy/chrome must be English/LTR via global i18n,port_structure_map_copy_to_en_packs,smoke_lpd_edc
3b9a89a6dad7fcf6764237df39898a68e7113c56,scripts/parent-engine-audit-completion.mjs,A,scripts/parent-engine-audit-completion.mjs,false,false,cross-subject,false,false,false,missing_on_global,G_dependency_or_risk,Path missing on global; may require supporting modules or be Israeli residue,inspect_before_port,smoke_lpd_edc
3b9a89a6dad7fcf6764237df39898a68e7113c56,scripts/parent-engine-factual-closure-report.mjs,A,scripts/parent-engine-factual-closure-report.mjs,false,false,cross-subject,false,false,false,missing_on_global,C_universal_with_locale_adaptation,Report/Demo/LPD surface logic is universal but copy/chrome must be English/LTR via global i18n,port_structure_map_copy_to_en_packs,factual_closure_en|report_parity|chrome_mapping
3b9a89a6dad7fcf6764237df39898a68e7113c56,scripts/parent-engine-final-closure-verification.mjs,A,scripts/parent-engine-final-closure-verification.mjs,false,false,cross-subject,false,false,false,missing_on_global,G_dependency_or_risk,Path missing on global; may require supporting modules or be Israeli residue,inspect_before_port,smoke_lpd_edc
3b9a89a6dad7fcf6764237df39898a68e7113c56,scripts/parent-engine-final-rules-audit.mjs,A,scripts/parent-engine-final-rules-audit.mjs,false,false,cross-subject,false,false,false,missing_on_global,G_dependency_or_risk,Path missing on global; may require supporting modules or be Israeli residue,inspect_before_port,smoke_lpd_edc
3b9a89a6dad7fcf6764237df39898a68e7113c56,tests/learning-pattern-decision/parent-facing-lpd-practice-alignment.test.mjs,M,tests/learning-pattern-decision/parent-facing-lpd-practice-alignment.test.mjs,true,false,cross-subject,false,false,true,ok,C_universal_with_locale_adaptation,Report/Demo/LPD surface logic is universal but copy/chrome must be English/LTR via global i18n,port_structure_map_copy_to_en_packs,factual_closure_en|report_parity|chrome_mapping
3b9a89a6dad7fcf6764237df39898a68e7113c56,tests/learning-pattern-decision/pattern-visibility-foundation.test.mjs,M,tests/learning-pattern-decision/pattern-visibility-foundation.test.mjs,true,false,cross-subject,false,false,false,ok,B_universal_direct,Regression coverage for engine/report/demo; adapt imports/subjects if needed,port_tests_filter_subjects,smoke_lpd_edc
3b9a89a6dad7fcf6764237df39898a68e7113c56,tests/learning-pattern-decision/scenarios.test.mjs,M,tests/learning-pattern-decision/scenarios.test.mjs,true,false,cross-subject,false,false,false,ok,B_universal_direct,Regression coverage for engine/report/demo; adapt imports/subjects if needed,port_tests_filter_subjects,smoke_lpd_edc
3b9a89a6dad7fcf6764237df39898a68e7113c56,tests/learning/calculation-off-by-one-parent-finding.test.mjs,A,tests/learning/calculation-off-by-one-parent-finding.test.mjs,false,false,cross-subject,false,false,false,missing_on_global,B_universal_direct,Regression coverage for engine/report/demo; adapt imports/subjects if needed,port_tests_filter_subjects,smoke_lpd_edc
3b9a89a6dad7fcf6764237df39898a68e7113c56,tests/learning/factual-observations-final-closure.test.mjs,A,tests/learning/factual-observations-final-closure.test.mjs,false,false,cross-subject,false,false,true,missing_on_global,C_universal_with_locale_adaptation,Report/Demo/LPD surface logic is universal but copy/chrome must be English/LTR via global i18n,port_structure_map_copy_to_en_packs,factual_closure_en|report_parity|chrome_mapping
3b9a89a6dad7fcf6764237df39898a68e7113c56,tests/learning/parent-report-engine-decision-contract.test.mjs,M,tests/learning/parent-report-engine-decision-contract.test.mjs,true,false,cross-subject,false,false,false,ok,C_universal_with_locale_adaptation,Report/Demo/LPD surface logic is universal but copy/chrome must be English/LTR via global i18n,port_structure_map_copy_to_en_packs,smoke_lpd_edc
3b9a89a6dad7fcf6764237df39898a68e7113c56,tests/learning/parent-topic-display-chrome.test.mjs,A,tests/learning/parent-topic-display-chrome.test.mjs,false,false,cross-subject,false,false,true,missing_on_global,B_universal_direct,Missing on global HEAD; required for ADC/LPD/factualObservations/evidence closure after 60a0eadd,direct_port_then_wire_global_subjects_only,factual_closure_en|report_parity|chrome_mapping
3b9a89a6dad7fcf6764237df39898a68e7113c56,tests/learning/repeated-mistake-pattern-label-safety.test.mjs,A,tests/learning/repeated-mistake-pattern-label-safety.test.mjs,false,false,cross-subject,false,false,true,missing_on_global,C_universal_with_locale_adaptation,Report/Demo/LPD surface logic is universal but copy/chrome must be English/LTR via global i18n,port_structure_map_copy_to_en_packs,factual_closure_en|report_parity|chrome_mapping
3b9a89a6dad7fcf6764237df39898a68e7113c56,tests/learning/subject-engine-decision-contract.test.mjs,M,tests/learning/subject-engine-decision-contract.test.mjs,true,false,cross-subject,false,false,false,ok,B_universal_direct,Core decision/evidence engine logic independent of locale/subject content,port_diff_carefully,smoke_lpd_edc
3b9a89a6dad7fcf6764237df39898a68e7113c56,utils/contracts/parent-product-contract-v1.js,M,utils/contracts/parent-product-contract-v1.js,true,false,cross-subject,false,false,false,ok,C_universal_with_locale_adaptation,Report/Demo/LPD surface logic is universal but copy/chrome must be English/LTR via global i18n,port_structure_map_copy_to_en_packs,smoke_lpd_edc
3b9a89a6dad7fcf6764237df39898a68e7113c56,utils/learning-pattern-decision/build-factual-observations.js,A,utils/learning-pattern-decision/build-factual-observations.js,false,false,cross-subject,false,false,true,missing_on_global,B_universal_direct,Missing on global HEAD; required for ADC/LPD/factualObservations/evidence closure after 60a0eadd,direct_port_then_wire_global_subjects_only,factual_closure_en|report_parity|chrome_mapping
3b9a89a6dad7fcf6764237df39898a68e7113c56,utils/learning-pattern-decision/build-learning-pattern-decision.js,M,utils/learning-pattern-decision/build-learning-pattern-decision.js,true,false,cross-subject,false,false,false,ok,B_universal_direct,Default: treat as engine/report infrastructure after filters,review_diff_then_port,smoke_lpd_edc
3b9a89a6dad7fcf6764237df39898a68e7113c56,utils/learning-pattern-decision/build-parent-report-engine-decision-contract.js,M,utils/learning-pattern-decision/build-parent-report-engine-decision-contract.js,true,false,cross-subject,false,false,false,ok,C_universal_with_locale_adaptation,Report/Demo/LPD surface logic is universal but copy/chrome must be English/LTR via global i18n,port_structure_map_copy_to_en_packs,smoke_lpd_edc
3b9a89a6dad7fcf6764237df39898a68e7113c56,utils/learning-pattern-decision/compose-parent-finding-with-factual-observations.js,A,utils/learning-pattern-decision/compose-parent-finding-with-factual-observations.js,false,false,cross-subject,false,false,true,missing_on_global,B_universal_direct,Missing on global HEAD; required for ADC/LPD/factualObservations/evidence closure after 60a0eadd,direct_port_then_wire_global_subjects_only,factual_closure_en|report_parity|chrome_mapping
3b9a89a6dad7fcf6764237df39898a68e7113c56,utils/learning-pattern-decision/enrich-parent-finding-legacy-label.js,A,utils/learning-pattern-decision/enrich-parent-finding-legacy-label.js,false,false,cross-subject,false,false,true,missing_on_global,C_universal_with_locale_adaptation,Report/Demo/LPD surface logic is universal but copy/chrome must be English/LTR via global i18n,port_structure_map_copy_to_en_packs,smoke_lpd_edc
3b9a89a6dad7fcf6764237df39898a68e7113c56,utils/learning-pattern-decision/enrich-parent-finding-with-factual-pattern.js,A,utils/learning-pattern-decision/enrich-parent-finding-with-factual-pattern.js,false,false,cross-subject,false,false,true,missing_on_global,C_universal_with_locale_adaptation,Report/Demo/LPD surface logic is universal but copy/chrome must be English/LTR via global i18n,port_structure_map_copy_to_en_packs,factual_closure_en|report_parity|chrome_mapping
3b9a89a6dad7fcf6764237df39898a68e7113c56,utils/learning-pattern-decision/parent-facing-error-pattern-he.js,M,utils/learning-pattern-decision/parent-facing-error-pattern-he.js,true,false,cross-subject,true,false,true,ok,C_universal_with_locale_adaptation,"Hebrew parent-facing copy; global has English sibling layers (locales/en, parent-facing-error-pattern.js, burn-down packs)",port_meaning_into_english_i18n_not_hebrew_file,factual_closure_en|report_parity|chrome_mapping
3b9a89a6dad7fcf6764237df39898a68e7113c56,utils/learning-pattern-decision/parent-report-ui-helpers.js,M,utils/learning-pattern-decision/parent-report-ui-helpers.js,true,false,cross-subject,false,false,true,ok,C_universal_with_locale_adaptation,Report/Demo/LPD surface logic is universal but copy/chrome must be English/LTR via global i18n,port_structure_map_copy_to_en_packs,smoke_lpd_edc
3b9a89a6dad7fcf6764237df39898a68e7113c56,utils/learning-pattern-decision/resolve-repeated-mistake-patterns.js,M,utils/learning-pattern-decision/resolve-repeated-mistake-patterns.js,true,false,cross-subject,false,false,false,ok,B_universal_direct,Default: treat as engine/report infrastructure after filters,review_diff_then_port,factual_closure_en|report_parity|chrome_mapping
3b9a89a6dad7fcf6764237df39898a68e7113c56,utils/learning-pattern-decision/schema.js,M,utils/learning-pattern-decision/schema.js,true,false,cross-subject,false,false,false,ok,C_universal_with_locale_adaptation,Report/Demo/LPD surface logic is universal but copy/chrome must be English/LTR via global i18n,port_structure_map_copy_to_en_packs,smoke_lpd_edc
3b9a89a6dad7fcf6764237df39898a68e7113c56,utils/parent-report-engine-v1-signals.js,M,utils/parent-report-engine-v1-signals.js,true,false,cross-subject,false,false,false,ok,C_universal_with_locale_adaptation,Report/Demo/LPD surface logic is universal but copy/chrome must be English/LTR via global i18n,port_structure_map_copy_to_en_packs,smoke_lpd_edc
3b9a89a6dad7fcf6764237df39898a68e7113c56,utils/parent-report-surface/parent-topic-display-chrome.js,A,utils/parent-report-surface/parent-topic-display-chrome.js,false,false,cross-subject,false,false,true,missing_on_global,B_universal_direct,Missing on global HEAD; required for ADC/LPD/factualObservations/evidence closure after 60a0eadd,direct_port_then_wire_global_subjects_only,factual_closure_en|report_parity|chrome_mapping